datum,locatie,magnitude,diepte,latitude,longitude,jaar
1986-12-26,Assen,2.8,1.0,52.992,6.548,1986
1987-12-14,Hooghalen,2.5,1.5,52.928,6.552,1987
1989-12-01,Kwadijk,2.7,1.2,52.529,4.971,1989
1991-02-15,Emmen,2.2,3.0,52.771,6.914,1991
1991-04-25,Eleveld,2.6,3.0,52.952,6.575,1991
1991-08-08,Assen,2.7,3.0,52.965,6.573,1991
1991-12-05,Middelstum,2.4,3.0,53.358,6.657,1991
1992-05-23,Geelbroek,2.6,3.0,52.953,6.572,1992
1992-05-24,Assen,1.6,3.0,52.956,6.562,1992
1992-06-11,Roswinkel,2.7,1.5,52.831,7.032,1992
1992-07-22,Assen,2.6,3.0,52.961,6.570,1992
1992-12-06,Loppersum,1.3,3.0,53.320,6.740,1992
1992-12-11,Froombosch,1.4,3.0,53.210,6.747,1992
1993-02-12,Tjuchem,1.0,3.0,53.294,6.868,1993
1993-03-05,Langelo,1.5,3.0,53.084,6.465,1993
1993-03-12,Sappemeer,0.9,3.0,53.160,6.805,1993
1993-03-26,Overschild,1.1,3.0,53.285,6.795,1993
1993-05-05,Westerbroek,1.5,3.0,53.177,6.685,1993
1993-05-14,Wirdum,1.1,3.0,53.305,6.793,1993
1993-06-27,Westerwijtwerd,1.4,3.0,53.316,6.650,1993
1993-06-27,Stedum,1.0,3.0,53.315,6.660,1993
1993-07-10,Oosterwijtwerd,1.4,3.0,53.333,6.837,1993
1993-07-27,Oosterwijtwerd,0.8,3.0,53.336,6.808,1993
1993-08-23,Appingedam,0.7,3.0,53.332,6.848,1993
1993-09-04,t Zandt,1.4,3.0,53.363,6.765,1993
1993-09-22,Eppenhuizen,2.0,3.0,53.368,6.675,1993
1993-09-25,Slochteren,0.9,3.0,53.208,6.812,1993
1993-11-23,Slochteren,2.2,3.0,53.202,6.820,1993
1993-12-22,Ten Post,1.6,3.0,53.294,6.753,1993
1994-02-04,Garrelsweer,1.3,3.0,53.306,6.777,1994
1994-02-05,Roswinkel,2.9,1.5,52.833,7.045,1994
1994-02-28,Garsthuizen,0.6,3.0,53.370,6.720,1994
1994-03-02,Overschild,1.5,3.0,53.279,6.807,1994
1994-03-06,Appingedam,1.0,3.0,53.323,6.805,1994
1994-03-14,Kolham,1.1,3.0,53.170,6.747,1994
1994-03-14,Leermens,1.3,3.0,53.345,6.808,1994
1994-03-14,Zandeweer,1.6,3.0,53.390,6.680,1994
1994-03-24,Farmsum,0.8,3.0,53.316,6.962,1994
1994-04-04,Overschild,1.3,3.0,53.275,6.828,1994
1994-05-07,Froombosch,1.0,3.0,53.194,6.798,1994
1994-05-10,Schildwolde,0.8,3.0,53.226,6.835,1994
1994-06-05,Meedhuizen,1.0,3.0,53.294,6.950,1994
1994-06-06,Zuidbroek,1.0,3.0,53.156,6.823,1994
1994-06-08,Huizinge,1.5,3.0,53.359,6.682,1994
1994-06-26,Appingedam,1.0,3.0,53.335,6.852,1994
1994-06-27,Roodeschool,1.7,3.0,53.423,6.770,1994
1994-07-01,Onderdendam,2.7,3.0,53.324,6.613,1994
1994-07-19,Garsthuizen,2.0,3.0,53.372,6.743,1994
1994-07-30,Toornwerd,2.7,1.0,53.351,6.628,1994
1994-07-30,Warffum,1.3,1.0,53.365,6.577,1994
1994-08-06,Bergen,3.0,2.5,52.654,4.711,1994
1994-08-16,Anloo,2.3,3.0,53.061,6.698,1994
1994-09-07,Warffum,1.4,3.0,53.402,6.575,1994
1994-09-09,Erica,1.7,3.0,52.714,6.915,1994
1994-09-21,Bergen,3.2,2.5,52.658,4.708,1994
1994-09-23,Schoonebeek,1.3,3.0,52.670,6.880,1994
1994-10-26,Luddeweer,1.2,3.0,53.246,6.737,1994
1994-12-13,Overschild,1.0,3.0,53.282,6.815,1994
1995-01-24,Delfzijl,1.3,3.0,53.316,6.897,1995
1995-01-31,Annen,2.0,3.0,53.063,6.720,1995
1995-02-01,Nieuw Annerveen,1.2,3.0,53.079,6.775,1995
1995-03-21,Eems-Dollard (nabij Eemshaven),1.1,3.0,53.438,6.913,1995
1995-04-06,Huizinge,2.0,3.0,53.360,6.680,1995
1995-04-26,Zuidlaren,0.7,3.0,53.084,6.668,1995
1995-05-15,Meedhuizen,1.8,3.0,53.309,6.945,1995
1995-06-03,Tolbert,0.9,3.0,53.190,6.358,1995
1995-06-20,Roswinkel,2.7,2.0,52.832,7.030,1995
1995-07-15,Slochteren,1.0,3.0,53.206,6.823,1995
1995-07-21,Farmsum,1.1,3.0,53.276,6.963,1995
1995-09-13,Loppersum,1.1,3.0,53.335,6.728,1995
1995-10-18,Peize,1.3,3.0,53.129,6.492,1995
1995-11-02,Westeremden,1.6,3.0,53.352,6.718,1995
1995-11-04,Uithuizermeeden,1.8,3.0,53.470,6.722,1995
1995-11-20,Garrelsweer,1.1,3.0,53.315,6.762,1995
1995-12-24,Jisp,2.3,3.0,52.511,4.847,1995
1995-12-30,Roswinkel,1.2,3.0,52.845,7.048,1995
1996-02-12,Overschild,0.9,3.0,53.256,6.767,1996
1996-02-24,Emmen,1.8,3.0,52.761,6.908,1996
1996-02-25,Roswinkel,0.9,1.5,52.838,7.062,1996
1996-02-29,Middelstum,2.0,3.0,53.343,6.640,1996
1996-03-06,Roswinkel,1.6,1.5,52.838,7.062,1996
1996-03-12,Zeegse,0.8,3.0,53.072,6.653,1996
1996-03-12,Nieuw Annerveen,1.1,3.0,53.064,6.790,1996
1996-03-12,Roswinkel,2.6,2.0,52.838,7.059,1996
1996-03-14,Roswinkel,1.1,2.0,52.838,7.064,1996
1996-03-16,Appingedam,1.4,3.0,53.298,6.848,1996
1996-03-21,Roswinkel,1.8,2.0,52.833,7.054,1996
1996-04-01,Nieuw Annerveen,0.1,3.0,53.067,6.790,1996
1996-04-01,Amen,0.6,3.0,52.940,6.608,1996
1996-04-09,Eexterveen,1.1,3.0,53.059,6.798,1996
1996-04-15,Ten Boer,0.9,3.0,53.289,6.688,1996
1996-04-17,Holwierde,0.9,3.0,53.357,6.883,1996
1996-04-21,Rottum,0.5,3.0,53.376,6.595,1996
1996-04-25,Holwierde,0.9,3.0,53.356,6.863,1996
1996-06-07,Wildervank,0.7,3.0,53.082,6.832,1996
1996-06-07,Annerveenschekanaal,1.2,3.0,53.085,6.780,1996
1996-06-07,Garrelsweer,1.3,3.0,53.309,6.778,1996
1996-06-16,Geelbroek,1.7,3.0,52.947,6.568,1996
1996-07-03,Eexterveen,0.8,3.0,53.053,6.803,1996
1996-08-04,Wachtum,1.6,3.0,52.724,6.738,1996
1996-08-06,Emmen,1.6,3.0,52.755,6.917,1996
1996-08-09,Schipborg,0.3,3.0,53.057,6.688,1996
1996-08-09,Farmsum,1.6,3.0,53.287,6.958,1996
1996-08-11,Laar (Duitsland),0.7,3.0,52.601,6.782,1996
1996-08-25,Geelbroek,1.7,3.0,52.945,6.570,1996
1996-09-02,Roden,2.1,3.0,53.147,6.422,1996
1996-10-16,Amen,1.3,3.0,52.941,6.610,1996
1996-11-16,Zeerijp,1.3,3.0,53.355,6.755,1996
1996-11-17,Wachtum,2.2,3.0,52.724,6.732,1996
1996-11-30,Nietap,1.0,3.0,53.165,6.410,1996
1996-12-06,Roswinkel,1.6,1.5,52.835,7.053,1996
1996-12-16,Wildervank,-0.1,3.0,53.078,6.822,1996
1996-12-16,Wildervank,0.5,3.0,53.072,6.815,1996
1996-12-26,Overschild,-0.2,3.0,53.261,6.765,1996
1996-12-28,Roswinkel,2.7,2.0,52.834,7.043,1996
1996-12-28,Bunne,1.9,3.0,53.107,6.505,1996
1996-12-28,Bunne,1.8,3.0,53.111,6.502,1996
1997-01-08,Westeremden,1.5,3.0,53.338,6.713,1997
1997-01-14,Ekehaar,0.7,3.0,52.943,6.577,1997
1997-01-16,Roswinkel,2.4,2.0,52.835,7.046,1997
1997-01-24,Zuidlaren,0.6,3.0,53.079,6.678,1997
1997-02-17,Geelbroek,1.2,3.0,52.947,6.568,1997
1997-02-17,Zijldijk,1.6,3.0,53.387,6.752,1997
1997-02-19,Roswinkel,3.4,2.0,52.832,7.038,1997
1997-02-26,Laar (Duitsland),1.2,3.0,52.642,6.803,1997
1997-03-02,Pieterzijl,1.3,3.0,53.288,6.267,1997
1997-03-08,Borgercompagnie,-0.8,3.0,53.106,6.815,1997
1997-03-25,Overschild,-0.2,3.0,53.252,6.748,1997
1997-04-01,Emmen,1.4,3.0,52.768,6.873,1997
1997-04-09,Noordbroek,0.5,3.0,53.200,6.865,1997
1997-04-17,Roswinkel,0.8,2.0,52.834,7.053,1997
1997-04-29,Schildwolde,1.4,3.0,53.249,6.803,1997
1997-05-04,Meedhuizen,1.1,3.0,53.300,6.930,1997
1997-05-04,Hoogezand,0.8,3.0,53.144,6.737,1997
1997-05-19,Roswinkel,1.3,2.0,52.836,7.053,1997
1997-06-06,Tjuchem,1.2,3.0,53.292,6.875,1997
1997-06-19,Zeerijp,1.8,3.0,53.364,6.753,1997
1997-06-20,Roswinkel,1.8,2.0,52.831,7.055,1997
1997-06-21,Zuidlaarderveen,1.9,3.5,53.094,6.752,1997
1997-07-09,Roswinkel,1.2,2.0,52.833,7.053,1997
1997-07-17,Annen,-0.7,3.0,53.061,6.717,1997
1997-07-23,Overschild,1.2,3.0,53.247,6.753,1997
1997-08-18,Roswinkel,2.1,2.0,52.834,7.050,1997
1997-08-18,Roswinkel,1.6,2.0,52.834,7.050,1997
1997-08-22,Eexterveen,0.2,3.0,53.063,6.813,1997
1997-08-23,Lageland,1.6,3.0,53.239,6.683,1997
1997-08-23,Eexterveen,0.6,3.0,53.063,6.813,1997
1997-09-13,Loppersum,1.1,3.0,53.338,6.747,1997
1997-09-14,Annen,0.4,3.0,53.045,6.740,1997
1997-11-01,Uithuizen,1.4,3.0,53.427,6.705,1997
1997-11-03,Donderen,1.4,3.0,53.108,6.513,1997
1997-11-04,Wirdum,1.7,3.0,53.328,6.793,1997
1997-11-15,Borgercompagnie,0.3,3.0,53.104,6.822,1997
1997-11-20,Slochteren,1.2,3.0,53.206,6.792,1997
1997-11-26,Overschild,0.2,3.0,53.254,6.765,1997
1997-12-03,Tjuchem,1.8,3.0,53.279,6.897,1997
1997-12-03,Siddeburen,1.3,3.0,53.244,6.858,1997
1997-12-07,Zuidlaren,0.3,3.0,53.075,6.702,1997
1997-12-23,Farmsum,1.3,3.0,53.316,7.015,1997
1998-01-08,Amen,1.2,3.0,52.937,6.597,1998
1998-01-22,Assen,1.1,3.5,52.984,6.547,1998
1998-01-28,Roswinkel,2.7,2.0,52.833,7.042,1998
1998-01-28,Roswinkel,2.0,2.0,52.833,7.037,1998
1998-01-31,Overschild,0.7,3.0,53.236,6.745,1998
1998-02-05,Meedhuizen,1.1,3.0,53.291,6.935,1998
1998-02-15,Zeerijp,2.6,3.0,53.356,6.773,1998
1998-03-29,Loppersum,1.3,3.0,53.345,6.730,1998
1998-04-19,Loppersum,1.5,3.0,53.339,6.723,1998
1998-04-19,Uithuizen,1.6,3.0,53.425,6.682,1998
1998-04-28,Veendam,0.4,3.0,53.107,6.865,1998
1998-04-30,Scharmer,0.9,3.0,53.197,6.707,1998
1998-05-18,Uithuizermeeden,1.3,3.0,53.404,6.732,1998
1998-05-30,Froombosch,0.9,3.0,53.203,6.777,1998
1998-07-14,Roswinkel,3.3,2.0,52.833,7.053,1998
1998-08-14,Froombosch,1.1,3.0,53.192,6.803,1998
1998-08-24,Wirdum,2.4,3.0,53.298,6.810,1998
1998-09-05,Emmen,1.9,3.0,52.742,6.875,1998
1998-10-04,Zeerijp,1.0,3.0,53.353,6.748,1998
1998-10-20,Deurze,0.8,3.0,52.974,6.607,1998
1998-11-01,Eleveld,1.3,3.0,52.955,6.572,1998
1998-12-12,Zandeweer,2.0,3.0,53.392,6.698,1998
1998-12-26,Schildwolde,1.6,3.0,53.215,6.830,1998
1999-01-11,Roswinkel,1.1,2.0,52.837,7.057,1999
1999-01-13,t Zandt,2.1,3.0,53.359,6.777,1999
1999-01-31,Steendam,0.4,3.0,53.255,6.825,1999
1999-03-05,Kiel-Windeweer,1.0,3.0,53.101,6.792,1999
1999-03-06,Wirdum,1.6,3.0,53.325,6.778,1999
1999-03-12,Roswinkel,1.3,2.0,52.833,7.051,1999
1999-03-17,Roswinkel,1.5,2.0,52.832,7.052,1999
1999-04-21,Appingedam,1.4,3.0,53.312,6.840,1999
1999-04-22,Ureterp,1.0,3.0,53.111,6.152,1999
1999-05-06,Roswinkel,1.4,2.0,52.836,7.055,1999
1999-05-08,Stedum,1.6,3.0,53.325,6.700,1999
1999-05-14,Roswinkel,1.7,2.0,52.834,7.052,1999
1999-05-15,Roswinkel,1.4,2.0,52.834,7.052,1999
1999-05-21,Sappemeer,0.7,3.0,53.164,6.815,1999
1999-06-07,Steenbergen,1.1,3.0,53.097,6.402,1999
1999-07-07,Grolloo,1.3,3.0,52.950,6.627,1999
1999-08-10,Startenhuizen,1.4,3.0,53.382,6.727,1999
1999-08-11,Westeremden,0.7,3.0,53.346,6.702,1999
1999-09-07,Nieuw Annerveen,1.5,3.0,53.068,6.795,1999
1999-09-07,Eexterveen,0.5,3.0,53.057,6.813,1999
1999-10-18,Zuidlaren,0.4,3.0,53.078,6.718,1999
1999-10-18,Schipborg,0.3,3.0,53.060,6.678,1999
1999-10-22,Ekehaar,1.7,3.0,52.941,6.592,1999
1999-12-08,Sappemeer,0.3,3.0,53.179,6.802,1999
1999-12-09,Froombosch,1.0,3.0,53.183,6.798,1999
1999-12-09,Schildwolde,1.1,3.0,53.246,6.803,1999
1999-12-10,Sappemeer,1.4,3.0,53.175,6.792,1999
1999-12-20,Westeremden,1.5,3.0,53.352,6.710,1999
1999-12-21,Froombosch,1.0,3.0,53.190,6.765,1999
1999-12-24,Farmsum,1.8,3.0,53.320,6.947,1999
1999-12-31,Roswinkel,2.8,2.0,52.835,7.048,1999
2000-01-07,Roswinkel,1.1,2.0,52.834,7.043,2000
2000-01-10,Schipborg,0.6,3.0,53.077,6.655,2000
2000-02-12,Appingedam,1.7,3.5,53.321,6.822,2000
2000-03-19,Westeremden,1.6,3.0,53.343,6.698,2000
2000-03-27,Roswinkel,0.8,2.0,52.835,7.045,2000
2000-04-01,Dalen,1.3,3.0,52.685,6.750,2000
2000-04-08,Groningen,1.2,3.0,53.205,6.632,2000
2000-04-08,Losdorp,1.1,3.0,53.370,6.845,2000
2000-04-14,Garrelsweer,1.2,3.0,53.308,6.772,2000
2000-05-16,Eppenhuizen,1.9,3.0,53.380,6.710,2000
2000-06-09,Wildervank,1.1,3.0,53.087,6.813,2000
2000-06-11,Zeerijp,2.0,3.0,53.348,6.763,2000
2000-06-12,Loppersum,2.5,3.0,53.340,6.742,2000
2000-06-15,Steendam,2.5,3.0,53.280,6.847,2000
2000-07-06,Zeerijp,1.2,3.0,53.340,6.752,2000
2000-07-10,Vries,1.0,3.0,53.064,6.575,2000
2000-07-13,Vries,1.1,3.0,53.079,6.565,2000
2000-07-16,t Zandt,1.5,3.0,53.367,6.782,2000
2000-09-22,Wildervank,1.0,3.0,53.076,6.820,2000
2000-09-22,Nieuw Annerveen,2.2,3.0,53.082,6.793,2000
2000-09-23,Nieuw Annerveen,1.0,2.7,53.081,6.788,2000
2000-10-25,Roswinkel,3.2,2.3,52.832,7.052,2000
2000-11-12,Deurze,0.3,3.0,52.977,6.608,2000
2000-11-29,Laar (Duitsland),1.6,3.0,52.626,6.742,2000
2000-12-23,Borgercompagnie,0.4,3.0,53.108,6.812,2000
2000-12-26,Meedhuizen,1.4,3.0,53.294,6.910,2000
2001-02-26,Wildervank,0.8,3.0,53.072,6.822,2001
2001-03-18,Lageland,1.6,3.0,53.243,6.692,2001
2001-04-28,Eleveld,1.1,3.0,52.959,6.575,2001
2001-04-28,Geelbroek,1.5,3.0,52.948,6.567,2001
2001-04-28,Roswinkel,2.4,2.0,52.833,7.053,2001
2001-05-17,Haren,1.4,3.0,53.173,6.612,2001
2001-06-10,Annen,0.5,3.0,53.049,6.753,2001
2001-06-19,Wildervank,1.0,3.0,53.079,6.820,2001
2001-06-21,Garrelsweer,1.7,3.0,53.295,6.800,2001
2001-08-07,Veendam,0.3,3.0,53.097,6.845,2001
2001-09-09,Bergen,3.5,2.0,52.651,4.713,2001
2001-09-10,Bergen,3.2,2.0,52.653,4.712,2001
2001-10-10,Schoorl,2.7,2.9,52.682,4.648,2001
2001-10-10,Slochteren,1.0,3.0,53.239,6.763,2001
2001-10-10,Slochteren,0.8,3.0,53.240,6.763,2001
2001-11-12,Waddenzee (nabij Dornum),1.4,3.0,53.694,7.377,2001
2001-12-04,Froombosch,1.0,3.0,53.210,6.743,2001
2001-12-04,Froombosch,0.2,3.0,53.204,6.785,2001
2001-12-04,Froombosch,0.0,3.0,53.204,6.785,2001
2001-12-11,Slochteren,0.7,3.0,53.217,6.788,2001
2001-12-20,Wildervank,0.5,3.0,53.081,6.838,2001
2001-12-25,Uithuizen,1.1,3.0,53.397,6.682,2001
2001-12-26,Eexterveen,-0.2,3.0,53.056,6.805,2001
2002-02-05,Stedum,2.2,3.0,53.319,6.717,2002
2002-02-14,Roswinkel,2.1,2.0,52.831,7.035,2002
2002-02-27,Oosterwijtwerd,1.1,3.0,53.337,6.827,2002
2002-03-17,Donderen,0.4,3.0,53.093,6.543,2002
2002-04-14,Nieuw Annerveen,1.7,3.0,53.072,6.787,2002
2002-05-10,Bierum,1.7,3.0,53.378,6.857,2002
2002-05-11,Ekehaar,1.5,3.0,52.943,6.580,2002
2002-05-22,Eleveld,1.0,3.0,52.956,6.585,2002
2002-06-28,Smilde,1.8,3.0,52.968,6.450,2002
2002-07-18,Froombosch,1.6,3.0,53.188,6.783,2002
2002-07-27,Geelbroek,1.6,3.0,52.947,6.565,2002
2002-08-05,Gasteren,0.9,3.0,53.055,6.657,2002
2002-08-29,Luddeweer,0.0,3.0,53.247,6.747,2002
2002-09-05,Beerze,0.9,3.0,52.508,6.563,2002
2002-09-06,Borgercompagnie,0.6,3.0,53.112,6.842,2002
2002-09-22,Schipborg,0.6,3.0,53.056,6.680,2002
2002-09-22,Taarlo,0.5,3.0,53.035,6.638,2002
2002-10-12,Borgercompagnie,0.9,3.0,53.106,6.815,2002
2002-10-14,Roswinkel,0.9,2.0,52.834,7.045,2002
2002-10-19,Nieuw Annerveen,1.3,1.8,53.068,6.768,2002
2002-12-14,Dalerveen,1.4,3.0,52.676,6.832,2002
2002-12-16,Zuidlaren,1.4,3.0,53.092,6.718,2002
2002-12-17,Tjuchem,0.9,3.0,53.291,6.860,2002
2002-12-18,Zuidbroek,0.8,3.0,53.175,6.847,2002
2002-12-24,Roswinkel,1.4,2.0,52.833,7.042,2002
2003-01-01,Loppersum,1.0,3.0,53.337,6.743,2003
2003-01-13,Ravenswoud,1.7,3.0,52.971,6.413,2003
2003-01-18,Ten Post,1.0,3.0,53.287,6.770,2003
2003-01-23,Garrelsweer,1.6,3.0,53.307,6.752,2003
2003-01-30,Leermens,1.5,3.0,53.342,6.793,2003
2003-01-31,Slochteren,0.3,3.0,53.232,6.782,2003
2003-02-02,Ekehaar,2.0,3.0,52.950,6.588,2003
2003-02-06,Overschild,0.3,3.0,53.259,6.768,2003
2003-02-11,Zeerijp,1.3,3.0,53.352,6.773,2003
2003-02-12,Hellum,0.8,3.0,53.262,6.812,2003
2003-02-14,Boelenslaan,1.8,3.0,53.146,6.122,2003
2003-02-28,Loppersum,0.7,3.0,53.355,6.730,2003
2003-03-03,Middelstum,2.2,3.0,53.360,6.662,2003
2003-03-06,Kiel-Windeweer,0.9,3.0,53.141,6.753,2003
2003-03-09,Kantens,1.1,3.0,53.372,6.640,2003
2003-03-23,Uithuizermeeden,1.5,3.0,53.457,6.783,2003
2003-03-29,Lageland,0.4,3.0,53.237,6.682,2003
2003-04-01,Krewerd,0.3,3.0,53.364,6.852,2003
2003-04-02,Westeremden,1.9,3.0,53.340,6.718,2003
2003-04-05,Groningen,0.3,3.0,53.209,6.630,2003
2003-04-06,Froombosch,0.7,3.0,53.206,6.763,2003
2003-04-06,Overschild,0.1,3.0,53.272,6.795,2003
2003-04-06,Froombosch,1.0,3.0,53.205,6.750,2003
2003-04-16,Overschild,0.7,3.0,53.281,6.775,2003
2003-04-18,Slochteren,0.0,3.0,53.238,6.753,2003
2003-04-20,Overschild,0.1,3.0,53.246,6.750,2003
2003-04-28,Woltersum,1.0,3.0,53.283,6.727,2003
2003-04-29,Woltersum,1.3,3.0,53.284,6.730,2003
2003-05-14,Hellum,0.8,3.0,53.257,6.847,2003
2003-05-14,Siddeburen,0.8,3.0,53.254,6.865,2003
2003-05-21,Annen,1.1,3.0,53.072,6.765,2003
2003-05-23,Wildervank,0.6,3.0,53.084,6.823,2003
2003-05-31,Siddeburen,0.8,3.0,53.247,6.875,2003
2003-06-03,Westeremden,1.5,3.0,53.337,6.683,2003
2003-06-06,Harkstede,0.7,3.0,53.225,6.682,2003
2003-06-08,Woltersum,1.5,3.0,53.271,6.737,2003
2003-06-08,Froombosch,1.0,3.0,53.192,6.788,2003
2003-06-16,Ravenswoud,2.3,2.6,52.963,6.407,2003
2003-08-05,Assen,1.1,3.0,52.975,6.558,2003
2003-08-07,Zeerijp,1.7,3.0,53.349,6.758,2003
2003-08-07,Zeerijp,1.3,3.0,53.345,6.748,2003
2003-08-20,Borgercompagnie,0.5,3.0,53.106,6.815,2003
2003-08-25,Kiel-Windeweer,0.7,3.0,53.108,6.792,2003
2003-08-25,Hoogezand,0.9,3.0,53.108,6.795,2003
2003-09-22,Uithuizen,2.4,3.0,53.395,6.688,2003
2003-09-27,Westeremden,2.7,3.0,53.348,6.697,2003
2003-10-11,Roswinkel,1.6,2.0,52.835,7.055,2003
2003-10-24,Garrelsweer,3.0,3.0,53.295,6.792,2003
2003-10-26,Garrelsweer,1.2,3.0,53.304,6.788,2003
2003-10-29,Froombosch,1.0,3.0,53.192,6.783,2003
2003-11-10,Westeremden,1.4,3.0,53.349,6.710,2003
2003-11-10,Stedum,3.0,3.0,53.325,6.690,2003
2003-11-16,Westeremden,2.7,3.0,53.344,6.702,2003
2003-12-26,Oud Annerveen,-0.6,3.0,53.084,6.755,2003
2003-12-26,Wirdum,1.4,3.0,53.320,6.802,2003
2003-12-28,Oud Annerveen,-0.3,3.0,53.080,6.762,2003
2003-12-29,Delfzijl,1.5,3.0,53.343,6.938,2003
2004-01-12,Kolham,1.6,3.0,53.189,6.745,2004
2004-01-24,Woltersum,1.0,3.0,53.271,6.720,2004
2004-01-30,Appingedam,1.2,3.0,53.314,6.868,2004
2004-03-07,Veendam,0.2,3.0,53.103,6.845,2004
2004-03-08,Meedhuizen,0.4,3.0,53.292,6.895,2004
2004-03-16,Veendam,1.0,3.0,53.090,6.880,2004
2004-03-21,Wagenborgen,1.4,3.0,53.255,6.918,2004
2004-03-26,Siddeburen,0.5,3.0,53.273,6.862,2004
2004-04-15,Eexterzandvoort,1.0,3.0,53.041,6.800,2004
2004-04-30,Scharmer,0.5,3.0,53.230,6.712,2004
2004-05-24,Wetsinge,1.4,3.0,53.310,6.525,2004
2004-05-29,Winsum,0.8,3.0,53.308,6.508,2004
2004-05-31,Winsum,0.3,3.0,53.313,6.518,2004
2004-06-10,Zandeweer,2.1,3.0,53.391,6.663,2004
2004-06-21,Geelbroek,2.8,3.0,52.944,6.568,2004
2004-07-27,Appingedam,1.2,3.0,53.343,6.875,2004
2004-08-21,Sappemeer,1.8,3.0,53.163,6.793,2004
2004-08-22,Ekehaar,1.0,3.0,52.946,6.585,2004
2004-09-06,Roswinkel,1.0,2.0,52.834,7.048,2004
2004-09-10,Schipborg,0.4,3.0,53.064,6.670,2004
2004-09-18,Uithuizermeeden,1.2,3.0,53.416,6.703,2004
2004-09-22,Winneweer,1.5,3.0,53.311,6.743,2004
2004-10-08,Wildervank,1.3,2.5,53.076,6.833,2004
2004-10-30,t Zandt,1.4,3.0,53.356,6.778,2004
2004-10-31,Marwijksoord,0.9,3.0,52.952,6.633,2004
2004-11-13,Overschild,1.2,3.0,53.291,6.802,2004
2004-11-23,Borgercompagnie,0.3,3.0,53.116,6.820,2004
2004-11-24,Ten Post,1.9,3.0,53.289,6.753,2004
2004-11-25,Froombosch,0.6,3.0,53.194,6.772,2004
2004-11-26,Loppersum,1.6,3.0,53.314,6.737,2004
2004-12-16,Harkstede,0.8,3.0,53.231,6.652,2004
2005-01-09,Wirdum,1.7,3.0,53.323,6.797,2005
2005-01-17,Appingedam,1.1,3.0,53.317,6.808,2005
2005-01-30,Ten Boer,1.0,3.0,53.277,6.692,2005
2005-02-08,Middelstum,2.3,3.0,53.316,6.638,2005
2005-02-15,Ekehaar,1.0,3.0,52.955,6.605,2005
2005-02-16,Roodeschool,1.3,3.0,53.404,6.793,2005
2005-02-18,Lageland,1.6,3.0,53.239,6.727,2005
2005-02-18,Zuidlaren,0.6,3.0,53.081,6.673,2005
2005-02-18,Loppersum,1.3,3.0,53.340,6.735,2005
2005-02-18,Woudbloem,0.5,3.0,53.231,6.750,2005
2005-02-20,Sappemeer,0.0,3.0,53.176,6.795,2005
2005-02-25,Oosterwijtwerd,1.6,3.0,53.336,6.812,2005
2005-03-01,Delfzijl,1.2,3.0,53.326,6.922,2005
2005-03-08,Wagenborgen,0.9,3.0,53.261,6.915,2005
2005-03-10,Oosterwijtwerd,2.0,3.0,53.342,6.810,2005
2005-03-21,Buren,1.8,3.0,53.457,5.850,2005
2005-03-21,Overschild,0.9,3.0,53.257,6.767,2005
2005-04-02,Overschild,1.2,3.0,53.270,6.798,2005
2005-04-18,Schildwolde,1.0,3.0,53.264,6.803,2005
2005-04-21,Tjuchem,0.9,3.0,53.291,6.885,2005
2005-04-22,Appingedam,0.8,3.0,53.334,6.858,2005
2005-04-30,Huizinge,1.0,3.0,53.359,6.700,2005
2005-05-17,Siddeburen,1.0,3.0,53.232,6.893,2005
2005-05-25,Noordbroek,1.1,3.0,53.194,6.850,2005
2005-05-28,Morra,1.4,3.0,53.374,6.088,2005
2005-05-30,Westeremden,2.3,3.0,53.343,6.710,2005
2005-06-22,Oosterwijtwerd,1.5,3.0,53.330,6.818,2005
2005-07-09,Lageland,1.1,3.0,53.238,6.685,2005
2005-07-17,Garrelsweer,1.8,3.0,53.319,6.747,2005
2005-07-25,Scharmer,0.8,3.0,53.212,6.712,2005
2005-08-05,Sappemeer,2.2,3.0,53.170,6.810,2005
2005-09-10,Garrelsweer,1.2,3.0,53.316,6.772,2005
2005-10-05,Westerwijtwerd,1.7,3.0,53.331,6.642,2005
2005-10-12,Smilde,2.5,3.0,52.963,6.450,2005
2005-10-23,Middelstum,1.9,3.0,53.366,6.675,2005
2005-11-11,Harkstede,1.4,3.0,53.224,6.697,2005
2006-01-02,Lageland,1.1,3.0,53.236,6.695,2006
2006-01-10,Eleveld,2.6,3.0,52.956,6.572,2006
2006-01-14,Sappemeer,0.3,3.0,53.177,6.767,2006
2006-01-18,Ten Post,1.5,3.0,53.290,6.765,2006
2006-01-18,Overschild,1.6,3.0,53.274,6.773,2006
2006-01-20,Loppersum,1.3,3.0,53.336,6.740,2006
2006-01-23,Lageland,1.9,3.0,53.237,6.697,2006
2006-01-28,Godlinze,1.1,3.0,53.380,6.818,2006
2006-01-29,Eleveld,1.1,3.0,52.952,6.580,2006
2006-02-11,Hellum,1.3,3.0,53.256,6.847,2006
2006-02-12,Garrelsweer,1.5,3.0,53.297,6.795,2006
2006-02-24,Wirdum,1.3,3.0,53.312,6.788,2006
2006-03-04,Hoogezand,1.8,3.0,53.144,6.742,2006
2006-03-21,Garrelsweer,2.4,3.0,53.302,6.755,2006
2006-03-23,Overschild,2.2,3.0,53.283,6.778,2006
2006-03-25,Roswinkel,2.1,2.0,52.834,7.045,2006
2006-03-25,Roswinkel,1.7,2.0,52.834,7.043,2006
2006-04-05,Delfzijl,1.4,3.0,53.344,6.890,2006
2006-04-12,Steendam,1.2,3.0,53.270,6.837,2006
2006-04-13,Garmerwolde,1.5,3.0,53.240,6.647,2006
2006-04-16,Garrelsweer,1.1,3.0,53.313,6.770,2006
2006-04-16,Wirdum,1.9,3.0,53.310,6.783,2006
2006-04-19,Westeremden,1.6,3.0,53.336,6.685,2006
2006-04-22,Loppersum,1.5,3.0,53.325,6.752,2006
2006-04-22,Rottum,0.4,3.0,53.382,6.598,2006
2006-04-23,Warffum,1.1,3.0,53.389,6.537,2006
2006-04-23,Delfzijl,0.9,3.0,53.338,6.883,2006
2006-05-02,Wirdum,1.0,3.0,53.314,6.797,2006
2006-05-03,Ten Post,1.2,3.0,53.290,6.767,2006
2006-05-07,Westeremden,1.4,3.0,53.345,6.717,2006
2006-05-22,Lageland,0.9,3.0,53.241,6.698,2006
2006-06-06,Schildwolde,1.4,3.0,53.238,6.810,2006
2006-06-08,Lageland,0.8,3.0,53.240,6.690,2006
2006-06-16,Ten Post,1.6,3.0,53.292,6.770,2006
2006-06-17,Garrelsweer,1.2,3.0,53.297,6.768,2006
2006-06-17,Appingedam,1.4,3.0,53.330,6.852,2006
2006-06-23,Garrelsweer,1.7,3.0,53.317,6.763,2006
2006-06-24,Oosterwijtwerd,1.2,3.0,53.341,6.823,2006
2006-07-12,Appingedam,1.3,3.0,53.309,6.868,2006
2006-07-12,Godlinze,0.9,3.0,53.369,6.813,2006
2006-07-16,Appingedam,1.5,3.0,53.303,6.867,2006
2006-08-08,Westeremden,3.5,3.0,53.350,6.697,2006
2006-08-08,Westeremden,2.5,3.0,53.349,6.707,2006
2006-08-11,Harkstede,1.1,3.0,53.219,6.672,2006
2006-08-26,Westeremden,2.3,3.0,53.343,6.712,2006
2006-09-06,Eelderwolde,1.8,3.0,53.189,6.522,2006
2006-09-27,Eppenhuizen,1.6,3.0,53.367,6.687,2006
2006-10-06,Garrelsweer,1.6,3.0,53.302,6.790,2006
2006-10-15,Emmen,1.6,3.0,52.767,6.885,2006
2006-10-23,Garsthuizen,2.3,3.0,53.372,6.738,2006
2006-10-25,Delfzijl,1.4,3.0,53.325,6.923,2006
2006-10-26,Oldenzijl,1.4,3.0,53.394,6.705,2006
2006-10-26,Laar (Duitsland),0.8,3.0,52.642,6.803,2006
2006-11-04,Ekehaar,1.3,3.0,52.934,6.578,2006
2006-11-05,Overschild,1.2,3.0,53.273,6.792,2006
2006-12-25,Leens,1.3,3.0,53.340,6.403,2006
2007-01-10,Appingedam,1.5,3.0,53.340,6.883,2007
2007-01-18,Overschild,0.9,3.0,53.274,6.767,2007
2007-01-26,Zeerijp,2.3,3.0,53.352,6.755,2007
2007-01-31,Eppenhuizen,1.2,3.0,53.368,6.672,2007
2007-02-04,Middelstum,0.6,3.0,53.346,6.658,2007
2007-02-16,Harkstede,1.5,3.0,53.228,6.702,2007
2007-02-17,Harkstede,0.9,3.0,53.228,6.683,2007
2007-02-17,Harkstede,2.6,3.0,53.227,6.703,2007
2007-02-17,Krewerd,0.9,3.0,53.351,6.857,2007
2007-03-03,Lageland,1.1,3.0,53.235,6.708,2007
2007-03-11,Wirdum,1.1,3.0,53.326,6.780,2007
2007-03-21,Lageland,1.2,3.0,53.240,6.722,2007
2007-03-29,Schipborg,0.7,3.0,53.068,6.693,2007
2007-03-30,Lageland,1.2,3.0,53.236,6.707,2007
2007-04-01,Harkstede,0.7,3.0,53.230,6.690,2007
2007-04-13,Woudbloem,1.2,3.0,53.226,6.743,2007
2007-05-14,Westeremden,2.0,3.0,53.331,6.702,2007
2007-05-19,Zuidbroek,0.4,3.0,53.163,6.828,2007
2007-06-09,Zeerijp,2.1,3.0,53.353,6.747,2007
2007-06-10,Middelstum,1.7,3.0,53.326,6.613,2007
2007-06-11,Westerwijtwerd,1.1,3.0,53.321,6.653,2007
2007-06-23,Stedum,1.2,3.0,53.317,6.703,2007
2007-07-02,Emmen,1.4,3.0,52.767,6.875,2007
2007-08-15,Garsthuizen,1.5,3.0,53.369,6.732,2007
2007-09-17,Leermens,1.5,3.0,53.344,6.800,2007
2007-09-18,Schildwolde,0.9,3.0,53.236,6.800,2007
2007-09-28,Middelstum,1.2,3.0,53.338,6.623,2007
2007-09-30,Froombosch,2.1,3.0,53.194,6.788,2007
2007-10-27,Loppersum,2.0,3.0,53.333,6.748,2007
2007-11-13,Overschild,1.7,3.0,53.293,6.823,2007
2007-11-30,Ubbena,1.5,3.0,53.053,6.568,2007
2007-12-10,Sauwerd,0.7,3.0,53.297,6.535,2007
2008-01-02,Hooghalen,1.4,3.0,52.939,6.560,2008
2008-01-05,Nieuw Annerveen,1.7,3.0,53.065,6.782,2008
2008-01-07,Garmerwolde,1.1,3.0,53.243,6.658,2008
2008-01-24,Froombosch,1.5,3.0,53.196,6.773,2008
2008-02-12,Wirdum,0.9,3.0,53.311,6.783,2008
2008-02-17,Zuidlaren,1.8,3.0,53.082,6.682,2008
2008-02-19,Kolham,0.9,3.0,53.183,6.762,2008
2008-03-19,Tinallinge,1.2,3.0,53.348,6.565,2008
2008-03-29,Appingedam,1.4,3.0,53.292,6.842,2008
2008-03-31,Westeremden,1.2,3.0,53.346,6.700,2008
2008-04-02,Ekehaar,1.9,3.0,52.946,6.592,2008
2008-04-02,Ekehaar,2.5,3.0,52.947,6.595,2008
2008-04-07,Meedhuizen,1.2,3.0,53.294,6.897,2008
2008-04-11,Tjuchem,1.1,3.0,53.283,6.875,2008
2008-04-15,Wetsinge,0.9,3.0,53.312,6.557,2008
2008-04-22,Nieuw Annerveen,1.8,3.0,53.068,6.770,2008
2008-04-28,Siddeburen,1.3,3.0,53.258,6.860,2008
2008-05-05,Onderdendam,1.0,3.0,53.333,6.590,2008
2008-05-09,Ten Post,1.3,3.0,53.286,6.725,2008
2008-05-10,Loppersum,1.2,3.0,53.327,6.728,2008
2008-05-18,Garsthuizen,2.2,2.8,53.375,6.728,2008
2008-05-19,Loppersum,1.9,3.0,53.325,6.740,2008
2008-05-30,Usquert,1.3,3.0,53.408,6.633,2008
2008-06-01,Garrelsweer,1.3,3.0,53.308,6.782,2008
2008-06-10,Wirdum,0.9,3.0,53.310,6.785,2008
2008-06-15,Noordzee,2.1,3.5,52.864,4.362,2008
2008-06-22,Hellum,0.9,3.0,53.248,6.842,2008
2008-06-23,Veendam,1.1,3.0,53.109,6.855,2008
2008-07-10,Holwierde,2.5,3.0,53.350,6.882,2008
2008-07-23,Harkstede,1.2,3.0,53.212,6.663,2008
2008-08-05,Emmen,2.0,3.0,52.761,6.908,2008
2008-08-23,Loppersum,0.9,3.0,53.330,6.725,2008
2008-08-26,Geelbroek,2.3,3.0,52.949,6.565,2008
2008-09-14,Middelstum,1.1,3.0,53.331,6.622,2008
2008-09-15,Eexterveen,1.0,3.0,53.053,6.803,2008
2008-09-20,Lageland,1.3,3.0,53.238,6.707,2008
2008-09-29,Rottum,1.8,3.0,53.379,6.602,2008
2008-10-11,Noordzee,2.6,3.0,52.700,4.372,2008
2008-10-26,Hooghalen,1.7,3.0,52.944,6.553,2008
2008-10-26,Schildwolde,1.1,3.0,53.243,6.805,2008
2008-10-29,Loppersum,1.4,3.0,53.330,6.710,2008
2008-10-30,Loppersum,3.2,3.0,53.337,6.720,2008
2008-11-07,Garsthuizen,2.2,3.0,53.381,6.735,2008
2008-11-10,Oud Annerveen,0.7,3.0,53.083,6.763,2008
2008-11-16,Eexterveen,1.2,3.0,53.048,6.792,2008
2008-12-10,Overschild,1.1,3.0,53.279,6.828,2008
2008-12-15,Middelstum,1.5,3.0,53.336,6.600,2008
2008-12-23,Uithuizermeeden,1.4,3.0,53.403,6.710,2008
2008-12-24,Vries,1.2,3.0,53.065,6.582,2008
2009-01-01,t Zandt,1.7,3.0,53.366,6.772,2009
2009-01-01,Zuidlaren,1.5,3.0,53.095,6.718,2009
2009-01-01,Delfzijl,1.2,3.0,53.330,6.902,2009
2009-01-08,Westeremden,1.7,3.0,53.348,6.717,2009
2009-01-09,Westeremden,1.9,3.0,53.341,6.713,2009
2009-01-15,Appingedam,1.0,3.0,53.339,6.872,2009
2009-01-17,Sappemeer,1.1,3.0,53.170,6.795,2009
2009-02-01,Zeerijp,2.2,3.0,53.360,6.740,2009
2009-02-03,Appingedam,1.2,3.0,53.315,6.875,2009
2009-02-04,Garsthuizen,1.7,3.0,53.376,6.742,2009
2009-02-05,Delfzijl,1.1,3.0,53.328,6.923,2009
2009-02-16,Wirdum,1.4,3.0,53.298,6.800,2009
2009-02-22,Noordlaren,0.8,3.0,53.118,6.647,2009
2009-02-23,Tripscompagnie,1.0,3.0,53.132,6.830,2009
2009-02-26,Noordlaren,1.1,3.0,53.118,6.647,2009
2009-02-26,Noordlaren,0.5,3.0,53.119,6.650,2009
2009-03-05,Noordlaren,0.8,3.0,53.119,6.647,2009
2009-03-12,Noordlaren,0.6,3.0,53.117,6.647,2009
2009-03-12,Noordlaren,0.6,3.0,53.117,6.645,2009
2009-03-12,Noordlaren,0.5,3.0,53.117,6.645,2009
2009-03-12,Noordlaren,0.8,3.0,53.117,6.647,2009
2009-03-13,Holwierde,1.2,3.0,53.350,6.902,2009
2009-03-14,Noordlaren,1.0,3.0,53.118,6.643,2009
2009-03-14,Noordlaren,1.0,3.0,53.119,6.652,2009
2009-03-14,Noordlaren,0.5,3.0,53.116,6.637,2009
2009-03-17,Noordlaren,0.9,3.0,53.120,6.648,2009
2009-03-17,Noordlaren,0.4,3.0,53.121,6.652,2009
2009-03-17,Noordlaren,0.5,3.0,53.120,6.648,2009
2009-03-17,Noordlaren,1.4,3.0,53.119,6.648,2009
2009-03-17,Noordlaren,1.1,3.0,53.120,6.648,2009
2009-03-17,Noordlaren,0.5,3.0,53.118,6.652,2009
2009-03-17,Noordlaren,0.5,3.0,53.119,6.653,2009
2009-03-17,Noordlaren,0.6,3.0,53.119,6.645,2009
2009-03-17,Noordlaren,0.9,3.0,53.120,6.648,2009
2009-03-17,Noordlaren,0.9,3.0,53.120,6.647,2009
2009-03-17,Noordlaren,1.0,3.0,53.121,6.648,2009
2009-03-17,Noordlaren,1.0,3.0,53.120,6.648,2009
2009-03-17,Noordlaren,1.0,3.0,53.120,6.648,2009
2009-03-17,Noordlaren,0.7,3.0,53.120,6.650,2009
2009-03-17,Noordlaren,0.7,3.0,53.120,6.650,2009
2009-03-17,Noordlaren,1.1,3.0,53.120,6.652,2009
2009-03-17,Noordlaren,0.8,3.0,53.119,6.652,2009
2009-03-18,Noordlaren,0.6,3.0,53.120,6.652,2009
2009-03-18,Noordlaren,0.9,3.0,53.120,6.653,2009
2009-03-18,Noordlaren,0.9,3.0,53.119,6.650,2009
2009-03-20,Noordlaren,0.5,3.0,53.117,6.638,2009
2009-03-20,Noordlaren,0.6,3.0,53.120,6.648,2009
2009-03-20,Noordlaren,0.4,3.0,53.120,6.655,2009
2009-03-20,Noordlaren,0.5,3.0,53.119,6.642,2009
2009-03-20,Noordlaren,0.6,3.0,53.118,6.645,2009
2009-03-20,Noordlaren,0.5,3.0,53.120,6.647,2009
2009-03-21,Noordlaren,0.5,3.0,53.120,6.652,2009
2009-03-21,Noordlaren,0.2,3.0,53.122,6.648,2009
2009-03-22,Noordlaren,0.6,3.0,53.119,6.648,2009
2009-03-22,Noordlaren,1.2,3.0,53.120,6.648,2009
2009-03-27,Wirdum,1.0,3.0,53.308,6.810,2009
2009-04-14,Huizinge,2.6,3.0,53.345,6.680,2009
2009-04-14,t Zandt,0.9,3.0,53.358,6.780,2009
2009-04-16,Appingedam,2.6,3.0,53.313,6.845,2009
2009-04-20,Wirdum,1.5,3.0,53.296,6.808,2009
2009-05-01,Scharmer,1.2,3.0,53.222,6.720,2009
2009-05-04,t Zandt,1.8,3.0,53.356,6.782,2009
2009-05-07,Stedum,1.6,3.0,53.316,6.728,2009
2009-05-07,t Zandt,1.4,3.0,53.379,6.778,2009
2009-05-07,Lageland,1.2,3.0,53.253,6.723,2009
2009-05-08,Kropswolde,0.9,3.0,53.142,6.715,2009
2009-05-08,Zeerijp,3.0,3.0,53.354,6.762,2009
2009-05-22,Wildervank,1.3,3.0,53.076,6.835,2009
2009-05-26,Meedhuizen,1.3,3.0,53.302,6.930,2009
2009-05-26,Farmsum,1.3,3.0,53.314,6.928,2009
2009-06-01,Siddeburen,0.9,3.0,53.230,6.878,2009
2009-06-15,Overschild,1.0,3.0,53.286,6.813,2009
2009-07-05,Garrelsweer,1.8,3.0,53.307,6.755,2009
2009-07-05,Schildwolde,1.2,3.0,53.226,6.835,2009
2009-07-14,Noordzee,2.7,3.0,52.773,4.308,2009
2009-07-22,Ten Post,1.7,3.0,53.290,6.765,2009
2009-08-19,Groningen,0.7,3.0,53.231,6.632,2009
2009-09-14,Steendam,1.3,3.0,53.278,6.845,2009
2009-09-29,Wirdum,1.6,3.0,53.314,6.802,2009
2009-11-02,Emmen,1.4,3.0,52.790,6.863,2009
2009-11-18,Hoogezand,1.6,3.0,53.145,6.748,2009
2009-11-19,Wildervank,1.1,3.5,53.071,6.817,2009
2009-11-19,Assen,0.9,3.0,52.972,6.588,2009
2009-11-20,Garrelsweer,1.2,3.0,53.321,6.747,2009
2009-11-26,De Hoeve,2.8,3.0,52.892,6.113,2009
2009-12-02,Appingedam,1.1,3.0,53.291,6.833,2009
2009-12-04,Ten Post,2.3,3.0,53.284,6.743,2009
2009-12-07,Waddenzee (nabij Eemshaven),1.3,3.0,53.451,6.923,2009
2009-12-21,Woudbloem,1.5,3.0,53.224,6.743,2009
2009-12-23,Garrelsweer,1.5,3.0,53.309,6.760,2009
2009-12-25,Woudbloem,0.7,3.0,53.227,6.750,2009
2010-01-09,Eppenhuizen,1.7,3.0,53.367,6.665,2010
2010-01-14,Overschild,1.2,3.0,53.293,6.817,2010
2010-02-11,Oud Annerveen,0.3,3.0,53.084,6.767,2010
2010-02-17,Froombosch,1.2,3.0,53.192,6.792,2010
2010-02-19,Overschild,1.8,3.0,53.288,6.802,2010
2010-03-04,Leermens,1.4,3.0,53.342,6.792,2010
2010-03-31,Froombosch,2.4,3.0,53.190,6.777,2010
2010-04-03,Middelstum,1.4,3.0,53.346,6.658,2010
2010-04-25,Zuidbroek,1.0,3.0,53.157,6.850,2010
2010-04-25,Wirdum,1.6,3.0,53.318,6.800,2010
2010-05-03,Godlinze,2.3,3.0,53.387,6.810,2010
2010-05-05,Zijldijk,1.6,3.0,53.404,6.775,2010
2010-05-07,Waddenzee (nabij Usquert),2.5,3.0,53.491,6.617,2010
2010-05-08,Tjuchem,1.0,3.0,53.278,6.865,2010
2010-05-09,Wagenborgen,1.7,3.0,53.247,6.927,2010
2010-05-21,Tjuchem,0.9,3.0,53.281,6.870,2010
2010-05-26,Hellum,0.9,3.0,53.235,6.833,2010
2010-05-30,Lageland,1.5,3.0,53.238,6.678,2010
2010-05-30,Lageland,1.2,3.0,53.238,6.678,2010
2010-06-08,Noordbroek,1.0,3.0,53.199,6.847,2010
2010-06-09,Froombosch,2.0,3.0,53.182,6.775,2010
2010-06-10,Slochteren,1.1,3.0,53.226,6.652,2010
2010-06-16,Krewerd,1.5,3.0,53.358,6.853,2010
2010-06-21,Groningen,1.5,3.0,53.218,6.620,2010
2010-06-21,Luddeweer,1.3,3.0,53.249,6.745,2010
2010-06-21,Wildervank,1.7,3.0,53.074,6.835,2010
2010-07-04,Schildwolde,0.8,3.0,53.251,6.800,2010
2010-07-24,Ten Post,1.8,3.0,53.280,6.735,2010
2010-08-14,Uithuizen,2.5,3.0,53.403,6.703,2010
2010-08-29,Slochteren,1.6,3.0,53.209,6.828,2010
2010-08-31,Zandeweer,1.4,3.0,53.376,6.683,2010
2010-09-03,Schildwolde,1.0,3.0,53.227,6.813,2010
2010-10-06,Slochteren,0.9,3.0,53.218,6.775,2010
2010-10-22,Kolham,1.0,3.0,53.180,6.732,2010
2010-10-31,Appingedam,1.0,3.0,53.312,6.872,2010
2010-11-15,Westeremden,1.4,3.0,53.348,6.703,2010
2010-11-24,Farmsum,0.6,3.0,53.281,6.955,2010
2010-12-02,Usquert,1.2,3.0,53.423,6.580,2010
2010-12-07,Appingedam,1.2,3.0,53.313,6.862,2010
2010-12-08,Loppersum,1.1,3.0,53.317,6.735,2010
2010-12-30,Eems-Dollard (nabij Emden),0.9,3.0,53.335,7.005,2010
2011-01-06,Garrelsweer,1.3,3.0,53.295,6.780,2011
2011-01-07,Nieuwolda,1.7,3.0,53.245,6.967,2011
2011-01-16,Annen,1.8,3.0,53.057,6.762,2011
2011-01-19,Westerwijtwerd,2.4,3.0,53.319,6.645,2011
2011-01-22,Sappemeer,1.1,3.0,53.166,6.793,2011
2011-01-28,Lellens,1.5,3.0,53.301,6.712,2011
2011-01-30,Ten Post,1.4,3.0,53.302,6.722,2011
2011-02-08,Overschild,1.3,3.0,53.258,6.763,2011
2011-03-11,Siddeburen,1.4,3.0,53.263,6.863,2011
2011-03-13,Overschild,1.5,3.0,53.271,6.775,2011
2011-03-14,Sappemeer,0.8,3.0,53.176,6.812,2011
2011-03-19,Nieuwe Pekela,0.9,3.0,53.066,6.933,2011
2011-03-26,Loppersum,1.5,3.0,53.335,6.732,2011
2011-03-26,Hellum,1.2,3.0,53.253,6.820,2011
2011-03-28,Sappemeer,2.0,3.0,53.168,6.805,2011
2011-04-08,Eemshaven,1.3,3.0,53.446,6.843,2011
2011-04-12,Gieterveen,0.9,3.0,53.035,6.838,2011
2011-04-13,Overschild,0.9,3.0,53.288,6.800,2011
2011-04-15,Noordbroek,1.5,3.0,53.200,6.837,2011
2011-04-20,Veendam,0.8,3.0,53.083,6.902,2011
2011-04-24,Zuidbroek,0.5,3.0,53.156,6.853,2011
2011-04-28,Steendam,1.4,3.0,53.285,6.848,2011
2011-04-28,Stedum,1.4,3.0,53.312,6.727,2011
2011-05-02,Meeden,1.2,3.0,53.127,6.937,2011
2011-05-05,Scheemda,0.8,3.0,53.174,6.932,2011
2011-05-07,Wirdum,1.1,3.0,53.328,6.772,2011
2011-05-08,Overschild,0.9,3.0,53.278,6.802,2011
2011-05-10,Krewerd,1.0,3.0,53.350,6.863,2011
2011-05-10,Harkstede,1.2,3.0,53.224,6.657,2011
2011-05-12,Hellum,1.1,3.0,53.239,6.828,2011
2011-05-12,Kolham,1.8,3.0,53.195,6.757,2011
2011-05-18,Wirdum,0.8,3.0,53.320,6.770,2011
2011-05-18,Hellum,1.9,3.0,53.248,6.845,2011
2011-05-19,Krewerd,1.2,3.0,53.359,6.843,2011
2011-05-19,Eems-Dollard (nabij Eemshaven),0.9,3.0,53.422,6.893,2011
2011-05-19,Zijldijk,1.4,3.0,53.396,6.777,2011
2011-05-23,Zuidbroek,0.9,3.0,53.155,6.818,2011
2011-05-23,Overschild,1.2,3.0,53.270,6.767,2011
2011-05-26,Zijldijk,1.9,3.0,53.407,6.775,2011
2011-05-27,Onnen,1.7,3.0,53.182,6.647,2011
2011-06-02,Garsthuizen,1.0,3.0,53.376,6.737,2011
2011-06-02,Overschild,0.8,3.0,53.274,6.822,2011
2011-06-05,Haren,1.5,3.0,53.176,6.612,2011
2011-06-05,Usquert,1.4,3.0,53.522,6.485,2011
2011-06-10,Thesinge,1.0,3.0,53.271,6.647,2011
2011-06-18,Noordbroek,1.3,3.0,53.199,6.845,2011
2011-06-19,Zuidlaren,0.3,3.0,53.075,6.703,2011
2011-06-19,Zuidlaren,1.1,3.0,53.072,6.705,2011
2011-06-23,Wirdum,1.7,3.0,53.321,6.775,2011
2011-06-24,Zeerijp,1.1,3.0,53.359,6.735,2011
2011-06-27,Wirdum,1.1,3.0,53.305,6.802,2011
2011-06-27,Ten Post,1.0,3.0,53.285,6.743,2011
2011-06-27,Garrelsweer,3.2,3.0,53.303,6.787,2011
2011-06-27,Garrelsweer,1.4,3.0,53.295,6.777,2011
2011-07-05,Noordzee,2.5,3.5,52.917,4.280,2011
2011-07-23,Schildwolde,1.2,3.0,53.246,6.775,2011
2011-07-27,Zandeweer,1.1,3.0,53.387,6.662,2011
2011-07-27,Tjuchem,1.2,3.0,53.285,6.880,2011
2011-07-27,Farmsum,1.2,3.0,53.286,6.953,2011
2011-07-29,Loppersum,1.8,3.0,53.337,6.728,2011
2011-08-01,t Zandt,0.9,3.0,53.368,6.798,2011
2011-08-02,Zuidlaren,1.6,3.0,53.074,6.727,2011
2011-08-17,Garrelsweer,1.0,3.0,53.303,6.787,2011
2011-08-18,Woltersum,1.3,3.0,53.281,6.733,2011
2011-08-20,Bedum,1.5,3.0,53.279,6.625,2011
2011-08-23,Sappemeer,1.6,3.0,53.168,6.817,2011
2011-08-31,Uithuizen,2.5,3.0,53.444,6.687,2011
2011-08-31,Eppenhuizen,1.1,3.0,53.370,6.693,2011
2011-09-04,Stedum,0.8,3.0,53.316,6.678,2011
2011-09-06,Leermens,2.5,3.0,53.337,6.805,2011
2011-09-07,Overschild,1.5,3.0,53.267,6.763,2011
2011-09-15,Appingedam,1.6,3.0,53.323,6.823,2011
2011-09-22,Assen,0.9,3.0,52.969,6.580,2011
2011-09-25,Loppersum,1.0,3.0,53.348,6.728,2011
2011-09-25,Zeerijp,2.0,3.0,53.363,6.728,2011
2011-10-04,Noordzee,2.6,3.0,52.822,4.265,2011
2011-10-08,Siddeburen,1.9,3.0,53.261,6.862,2011
2011-10-09,Noordzee,3.1,3.0,53.281,3.885,2011
2011-10-09,Thesinge,1.5,3.0,53.281,6.662,2011
2011-10-24,Farmsum,1.3,3.0,53.316,6.965,2011
2011-11-04,Oosterwijtwerd,1.5,3.0,53.343,6.808,2011
2011-11-06,Harkstede,0.7,3.0,53.226,6.682,2011
2011-11-07,Lageland,1.2,3.0,53.246,6.685,2011
2011-11-07,Eexterveen,1.0,3.0,53.058,6.798,2011
2011-11-09,Nieuwolda,1.6,3.0,53.255,6.958,2011
2011-11-15,Farmsum,1.5,3.0,53.292,6.967,2011
2011-11-15,Ekehaar,0.9,3.0,52.953,6.592,2011
2011-11-18,Froombosch,0.2,3.0,53.206,6.773,2011
2011-11-27,Appingedam,1.7,3.0,53.313,6.822,2011
2011-12-04,Overschild,1.3,3.0,53.293,6.825,2011
2011-12-20,Noordzee,2.2,3.0,52.773,4.288,2011
2011-12-20,Tripscompagnie,0.9,3.0,53.145,6.817,2011
2011-12-23,Groningen,1.1,3.0,53.203,6.627,2011
2011-12-30,Middelstum,2.2,3.0,53.352,6.657,2011
2012-01-06,Middelstum,1.9,3.0,53.359,6.667,2012
2012-01-07,Zuidwolde,1.6,3.0,53.262,6.628,2012
2012-01-16,Wirdum,1.3,3.0,53.319,6.793,2012
2012-01-21,Lageland,1.1,3.0,53.237,6.682,2012
2012-01-24,Garrelsweer,1.3,3.0,53.315,6.755,2012
2012-01-27,Oude Pekela,1.6,3.0,53.103,6.968,2012
2012-01-28,Zeerijp,0.9,3.0,53.349,6.757,2012
2012-01-30,Ten Post,1.5,3.0,53.295,6.745,2012
2012-01-31,Tjuchem,1.4,3.0,53.288,6.872,2012
2012-02-01,Sappemeer,0.9,3.0,53.156,6.803,2012
2012-02-04,Zeerijp,1.8,3.0,53.357,6.722,2012
2012-02-05,Tjuchem,1.5,3.0,53.276,6.902,2012
2012-02-05,Eenum,1.4,3.0,53.329,6.793,2012
2012-02-07,Tjuchem,1.4,3.0,53.295,6.868,2012
2012-02-12,Noordzee,1.7,3.0,52.782,4.327,2012
2012-02-12,Noordzee,1.3,3.0,52.689,4.370,2012
2012-02-16,Stedum,1.9,3.0,53.307,6.692,2012
2012-02-17,Garsthuizen,1.7,3.0,53.358,6.708,2012
2012-02-17,Nieuwediep,1.0,3.0,53.033,6.870,2012
2012-02-19,Siddeburen,1.8,3.0,53.259,6.872,2012
2012-03-04,Groningen,0.9,3.0,53.241,6.633,2012
2012-03-07,Siddeburen,1.3,3.0,53.230,6.882,2012
2012-03-07,Overschild,1.0,3.0,53.293,6.825,2012
2012-03-08,Schildwolde,0.5,3.0,53.264,6.798,2012
2012-03-08,Sappemeer,1.0,3.0,53.168,6.785,2012
2012-03-16,Noordzee (nabij Schoorl),1.0,3.0,52.702,4.613,2012
2012-03-18,Meedhuizen,0.9,3.0,53.303,6.902,2012
2012-03-23,Froombosch,0.4,3.0,53.210,6.748,2012
2012-03-27,Stedum,1.0,3.0,53.313,6.735,2012
2012-03-31,Wagenborgen,1.6,3.0,53.249,6.917,2012
2012-04-04,Tjuchem,1.7,3.0,53.288,6.872,2012
2012-04-07,Garrelsweer,1.5,3.0,53.295,6.798,2012
2012-04-13,Hellum,0.7,3.0,53.261,6.838,2012
2012-04-14,Waddenzee (nabij Uithuizen),0.9,3.0,53.487,6.695,2012
2012-04-16,Wirdum,1.1,3.0,53.309,6.787,2012
2012-04-18,Noordzee (nabij Schoorl),1.8,3.0,52.700,4.625,2012
2012-04-18,Loppersum,1.2,3.0,53.341,6.733,2012
2012-04-21,Krewerd,0.3,3.0,53.352,6.833,2012
2012-04-25,Sappemeer,2.0,3.0,53.178,6.818,2012
2012-05-06,Overschild,0.8,3.0,53.273,6.823,2012
2012-05-10,Siddeburen,0.8,3.0,53.247,6.878,2012
2012-05-11,Delfzijl,0.9,3.0,53.331,6.885,2012
2012-05-13,Appingedam,0.9,3.0,53.298,6.835,2012
2012-05-15,Siddeburen,0.8,3.0,53.249,6.893,2012
2012-05-17,Hellum,0.9,3.0,53.248,6.852,2012
2012-05-24,Middelstum,1.5,3.0,53.359,6.670,2012
2012-05-28,Overschild,0.6,3.0,53.278,6.815,2012
2012-06-02,Sappemeer,0.7,3.0,53.184,6.817,2012
2012-06-08,Kolham,0.9,3.0,53.183,6.760,2012
2012-06-14,Wagenborgen,1.7,3.0,53.254,6.922,2012
2012-06-15,Siddeburen,1.5,3.0,53.246,6.863,2012
2012-06-21,Wirdum,1.7,3.0,53.322,6.783,2012
2012-06-21,Appingedam,1.1,3.0,53.319,6.813,2012
2012-06-22,Ten Post,1.4,3.0,53.296,6.755,2012
2012-06-22,Ten Post,0.8,3.0,53.290,6.753,2012
2012-06-27,Muntendam,0.3,3.0,53.151,6.852,2012
2012-06-27,Muntendam,0.5,3.0,53.151,6.850,2012
2012-06-27,Eext,0.4,3.0,53.045,6.762,2012
2012-06-27,Eexterzandvoort,0.2,3.0,53.046,6.762,2012
2012-07-03,Overschild,1.1,3.0,53.269,6.768,2012
2012-07-07,Overschild,0.8,3.0,53.289,6.800,2012
2012-07-07,Loppersum,0.7,3.0,53.331,6.773,2012
2012-07-10,Lettelbert,0.9,3.0,53.196,6.403,2012
2012-07-12,Steendam,1.0,3.0,53.278,6.850,2012
2012-07-16,Garrelsweer,0.6,3.0,53.319,6.768,2012
2012-07-19,Sappemeer,0.9,3.0,53.177,6.802,2012
2012-07-25,Overschild,0.8,3.0,53.293,6.823,2012
2012-07-27,Stedum,1.2,3.0,53.315,6.680,2012
2012-07-30,Loppersum,1.3,3.0,53.340,6.730,2012
2012-07-30,Wirdum,1.0,3.0,53.323,6.787,2012
2012-07-30,Sappemeer,0.5,3.0,53.177,6.783,2012
2012-08-01,Oosterwijtwerd,0.7,3.0,53.333,6.800,2012
2012-08-08,Harkstede,0.8,3.0,53.211,6.670,2012
2012-08-09,Haren,1.5,3.0,53.183,6.613,2012
2012-08-14,Garrelsweer,1.0,3.0,53.305,6.785,2012
2012-08-15,Leermens,2.4,3.0,53.353,6.805,2012
2012-08-16,Zeerijp,1.2,3.0,53.362,6.752,2012
2012-08-16,Huizinge,3.6,3.0,53.345,6.672,2012
2012-08-17,Toornwerd,0.6,3.0,53.360,6.653,2012
2012-08-17,Siddeburen,0.8,3.0,53.238,6.898,2012
2012-08-23,Appingedam,0.7,3.0,53.300,6.833,2012
2012-08-28,Appingedam,0.9,3.0,53.308,6.835,2012
2012-09-23,Middelstum,0.9,3.0,53.346,6.645,2012
2012-09-28,Schildwolde,1.2,3.0,53.219,6.830,2012
2012-09-30,Froombosch,0.6,3.0,53.208,6.752,2012
2012-09-30,Grolloo,0.7,3.0,52.939,6.620,2012
2012-10-07,Annen,1.0,3.0,53.053,6.768,2012
2012-10-13,Steendam,0.9,3.0,53.279,6.850,2012
2012-10-16,Kollum,1.1,3.0,53.297,6.133,2012
2012-10-23,Garrelsweer,1.3,3.0,53.311,6.777,2012
2012-10-27,Groningen,1.0,3.0,53.239,6.613,2012
2012-10-30,Garrelsweer,0.7,3.0,53.297,6.763,2012
2012-11-13,Uithuizen,1.0,3.0,53.408,6.695,2012
2012-11-14,Steendam,0.9,3.0,53.278,6.838,2012
2012-11-17,Garrelsweer,1.1,3.0,53.290,6.790,2012
2012-11-18,Tjuchem,0.7,3.0,53.272,6.890,2012
2012-11-22,Appingedam,1.1,3.0,53.315,6.870,2012
2012-11-27,Froombosch,1.4,3.0,53.209,6.785,2012
2012-11-27,Schildwolde,0.5,3.0,53.230,6.805,2012
2012-11-30,Hellum,1.0,3.0,53.261,6.833,2012
2012-11-30,Steendam,1.1,3.0,53.254,6.830,2012
2012-11-30,Steendam,0.9,3.0,53.267,6.845,2012
2012-12-17,Loppersum,1.2,3.0,53.323,6.730,2012
2012-12-20,Zuidbroek,0.6,3.0,53.169,6.855,2012
2012-12-25,t Zandt,1.2,3.0,53.377,6.783,2012
2013-01-05,Appingedam,0.9,3.0,53.306,6.823,2013
2013-01-05,Noordzee,2.6,3.0,52.824,4.258,2013
2013-01-09,Houwerzijl,1.0,3.0,53.316,6.327,2013
2013-01-11,Eems-Dollard (nabij Delfzijl),1.4,3.0,53.346,6.960,2013
2013-01-11,Usquert,1.8,3.0,53.407,6.602,2013
2013-01-11,Siddeburen,0.8,3.0,53.265,6.852,2013
2013-01-12,Zuidbroek,0.5,3.0,53.168,6.872,2013
2013-01-12,Holwierde,0.9,3.0,53.345,6.862,2013
2013-01-12,Tjuchem,0.9,3.0,53.273,6.850,2013
2013-01-18,Zandeweer,1.2,3.0,53.389,6.663,2013
2013-01-19,Overschild,2.4,3.0,53.285,6.790,2013
2013-01-27,Froombosch,1.2,3.0,53.186,6.773,2013
2013-01-28,Meedhuizen,1.5,3.0,53.275,6.912,2013
2013-02-03,Harkstede,1.4,3.0,53.230,6.703,2013
2013-02-04,Slochteren,0.9,3.0,53.202,6.790,2013
2013-02-05,Groningen,1.5,3.0,53.222,6.643,2013
2013-02-07,Zandeweer,2.7,3.0,53.375,6.667,2013
2013-02-07,Zandeweer,3.2,3.0,53.389,6.667,2013
2013-02-09,Zeerijp,2.7,3.0,53.366,6.758,2013
2013-02-10,Tjuchem,1.5,3.0,53.289,6.855,2013
2013-02-10,Tjuchem,1.1,3.0,53.292,6.878,2013
2013-02-11,Garrelsweer,2.0,3.0,53.297,6.783,2013
2013-02-11,Ten Post,1.8,3.0,53.292,6.768,2013
2013-02-11,Woudbloem,1.8,3.0,53.218,6.758,2013
2013-02-13,Losdorp,1.8,3.0,53.368,6.845,2013
2013-02-15,Wirdum,2.0,3.0,53.319,6.795,2013
2013-02-16,Eems-Dollard (nabij Farmsum),0.8,3.0,53.328,6.993,2013
2013-02-16,Steendam,0.8,3.0,53.252,6.833,2013
2013-02-18,Wagenborgen,1.9,3.0,53.266,6.973,2013
2013-02-18,Zeerijp,0.7,3.0,53.349,6.782,2013
2013-02-21,Zeerijp,0.7,3.0,53.364,6.753,2013
2013-02-25,Garrelsweer,1.0,3.0,53.303,6.782,2013
2013-02-27,Froombosch,0.4,3.0,53.206,6.768,2013
2013-03-02,Westerwijtwerd,0.9,3.0,53.335,6.648,2013
2013-03-06,Alkmaar,0.7,2.0,52.646,4.713,2013
2013-03-13,Overschild,0.8,3.0,53.285,6.830,2013
2013-03-14,Farmsum,1.0,3.0,53.315,6.942,2013
2013-03-16,Waddenzee (nabij Eemshaven),2.0,3.0,53.474,6.792,2013
2013-03-29,Scharmer,0.9,3.0,53.233,6.717,2013
2013-04-02,Siddeburen,1.1,3.0,53.223,6.872,2013
2013-04-15,Garsthuizen,0.9,3.0,53.375,6.740,2013
2013-04-23,Sappemeer,0.6,3.0,53.157,6.800,2013
2013-04-23,Sappemeer,0.5,3.0,53.175,6.793,2013
2013-04-27,Loppersum,1.0,3.0,53.341,6.760,2013
2013-04-28,Loppersum,1.3,3.0,53.328,6.733,2013
2013-04-29,Harkstede,0.8,3.0,53.229,6.660,2013
2013-04-30,Woltersum,0.7,3.0,53.274,6.735,2013
2013-05-01,Groningen,0.9,3.0,53.245,6.637,2013
2013-05-02,Eenum,0.7,3.0,53.335,6.793,2013
2013-05-10,Siddeburen,1.4,3.0,53.259,6.853,2013
2013-05-13,Wagenborgen,1.1,3.0,53.247,6.922,2013
2013-05-19,Appingedam,0.8,3.0,53.300,6.858,2013
2013-05-22,Sappemeer,1.2,3.0,53.177,6.777,2013
2013-05-22,Overschild,1.2,3.0,53.287,6.812,2013
2013-05-24,Westeremden,1.2,3.0,53.330,6.705,2013
2013-05-25,Harkstede,1.1,3.0,53.229,6.693,2013
2013-05-25,Loppersum,1.0,3.0,53.331,6.713,2013
2013-05-25,Usquert,0.9,3.0,53.411,6.610,2013
2013-05-25,Geelbroek,1.1,3.0,52.953,6.570,2013
2013-05-30,Steendam,1.2,3.0,53.282,6.838,2013
2013-05-31,Steendam,1.0,3.0,53.278,6.838,2013
2013-06-03,Appingedam,1.2,3.0,53.318,6.867,2013
2013-06-05,Garrelsweer,0.7,3.0,53.292,6.780,2013
2013-06-05,Groningen,0.9,3.0,53.243,6.637,2013
2013-06-07,Farmsum,1.3,3.0,53.283,6.985,2013
2013-06-08,Harkstede,0.7,3.0,53.209,6.702,2013
2013-06-14,Appingedam,0.7,3.0,53.319,6.833,2013
2013-06-14,Siddeburen,0.6,3.0,53.230,6.872,2013
2013-06-18,Scharmer,0.7,3.0,53.230,6.720,2013
2013-06-23,Appingedam,1.1,3.0,53.300,6.867,2013
2013-06-27,Westerwijtwerd,1.3,3.0,53.331,6.643,2013
2013-06-30,Schildwolde,0.8,3.0,53.227,6.818,2013
2013-06-30,Garrelsweer,0.8,3.0,53.317,6.758,2013
2013-06-30,Loppersum,0.7,3.0,53.326,6.753,2013
2013-07-02,Garrelsweer,3.0,3.0,53.294,6.785,2013
2013-07-03,Toornwerd,0.9,3.0,53.355,6.637,2013
2013-07-08,Wetsinge,1.6,3.0,53.305,6.542,2013
2013-07-13,Appingedam,0.9,3.0,53.332,6.870,2013
2013-07-14,Eenum,1.1,3.0,53.333,6.785,2013
2013-07-20,Wirdum,2.4,3.0,53.323,6.803,2013
2013-07-20,Wirdum,1.9,3.0,53.323,6.775,2013
2013-07-21,Steendam,1.3,3.0,53.269,6.830,2013
2013-07-21,Garrelsweer,0.7,3.0,53.287,6.778,2013
2013-07-26,Groningen,0.9,3.0,53.243,6.638,2013
2013-07-30,Schildwolde,0.7,3.0,53.215,6.828,2013
2013-07-31,Scharmer,1.0,3.0,53.221,6.718,2013
2013-08-07,Sappemeer,0.6,3.0,53.179,6.782,2013
2013-08-07,Schildwolde,0.9,3.0,53.263,6.803,2013
2013-08-08,Schildwolde,1.0,3.0,53.256,6.798,2013
2013-08-09,Waddenzee (nabij Buren),1.8,3.0,53.443,5.913,2013
2013-08-14,Harkstede,1.1,3.0,53.233,6.653,2013
2013-08-16,Lageland,2.1,3.0,53.244,6.697,2013
2013-08-21,Overschild,0.9,3.0,53.278,6.793,2013
2013-08-25,Garrelsweer,1.3,3.0,53.313,6.775,2013
2013-08-27,Appingedam,1.1,3.0,53.301,6.865,2013
2013-09-01,Westeremden,1.5,3.0,53.343,6.715,2013
2013-09-04,Zeerijp,2.8,3.0,53.344,6.772,2013
2013-09-18,Appingedam,0.9,3.0,53.292,6.830,2013
2013-09-22,Lageland,1.0,3.0,53.249,6.680,2013
2013-09-22,Garmerwolde,1.7,3.0,53.245,6.665,2013
2013-09-22,Lageland,1.6,3.0,53.236,6.670,2013
2013-09-24,Zuidlaren,1.1,3.0,53.081,6.715,2013
2013-09-25,Tjuchem,1.2,3.0,53.282,6.862,2013
2013-09-25,Garrelsweer,1.1,3.0,53.289,6.787,2013
2013-09-28,Startenhuizen,1.9,3.0,53.383,6.727,2013
2013-09-29,Garmerwolde,1.3,3.0,53.248,6.648,2013
2013-09-30,Scharmer,1.2,3.0,53.222,6.715,2013
2013-10-01,Scharmer,1.2,3.0,53.232,6.713,2013
2013-10-01,Scharmer,1.1,3.0,53.220,6.717,2013
2013-10-02,Borgsweer,0.9,3.0,53.301,7.013,2013
2013-10-02,Wirdum,1.4,3.0,53.312,6.787,2013
2013-10-02,Wirdum,1.9,3.0,53.317,6.792,2013
2013-10-03,Garrelsweer,1.2,3.0,53.314,6.777,2013
2013-10-10,Startenhuizen Lopp,1.5,3.0,53.370,6.713,2013
2013-10-22,Noordzee (nabij Castricum),2.5,3.0,52.551,4.588,2013
2013-10-23,Noordzee (nabij Castricum),2.0,3.0,52.555,4.585,2013
2013-10-23,Lageland,1.1,3.0,53.262,6.733,2013
2013-10-23,Siddeburen,1.1,3.0,53.257,6.863,2013
2013-10-27,Noordzee (nabij Egmond aan Zee),1.8,3.0,52.559,4.548,2013
2013-11-05,Noordzee (nabij Egmond aan Zee),1.7,3.0,52.567,4.533,2013
2013-11-07,Tjuchem,1.5,3.0,53.281,6.878,2013
2013-11-09,Annen,2.4,3.0,53.052,6.755,2013
2013-11-10,Garrelsweer,1.2,3.0,53.298,6.772,2013
2013-11-15,Stedum,1.6,3.0,53.318,6.715,2013
2013-11-18,Loppersum,1.4,3.0,53.322,6.747,2013
2013-11-26,Appingedam,2.0,3.0,53.327,6.845,2013
2013-11-28,Noordzee (nabij Egmond aan Zee),1.4,3.0,52.570,4.550,2013
2013-11-28,Noordzee (nabij Egmond aan Zee),1.7,3.0,52.570,4.548,2013
2013-12-06,Scharmer,1.3,3.0,53.226,6.725,2013
2013-12-08,Meedhuizen,1.1,3.0,53.282,6.922,2013
2013-12-20,Slochteren,1.3,3.0,53.213,6.823,2013
2013-12-22,Schildwolde,1.0,3.0,53.230,6.813,2013
2013-12-23,Westeremden,1.2,3.0,53.348,6.692,2013
2014-01-02,Froombosch,1.4,3.0,53.206,6.755,2014
2014-01-04,Harkstede,1.1,3.0,53.230,6.647,2014
2014-01-09,Onderdendam,1.1,3.0,53.315,6.578,2014
2014-01-12,Garrelsweer,0.9,3.0,53.295,6.770,2014
2014-01-16,Farmsum,1.2,3.0,53.277,6.973,2014
2014-01-21,Noordwolde,1.0,3.0,53.271,6.568,2014
2014-01-23,Garsthuizen,0.6,3.0,53.377,6.737,2014
2014-01-23,Zuidbroek,1.1,3.0,53.182,6.887,2014
2014-01-26,Lageland,1.5,3.0,53.236,6.678,2014
2014-02-03,Loppersum,1.5,3.0,53.334,6.757,2014
2014-02-05,Schildwolde,0.9,3.0,53.250,6.787,2014
2014-02-05,Assen,2.0,3.0,52.960,6.568,2014
2014-02-06,Froombosch,1.3,3.0,53.185,6.785,2014
2014-02-11,Meedhuizen,0.8,3.0,53.294,6.953,2014
2014-02-13,t Zandt,3.0,3.0,53.357,6.782,2014
2014-02-17,Ten Post,0.8,3.0,53.304,6.742,2014
2014-02-18,Huizinge,1.7,3.0,53.337,6.662,2014
2014-02-28,Ten Post,1.2,3.0,53.279,6.750,2014
2014-03-04,Wildervank,0.8,3.0,53.083,6.828,2014
2014-03-04,Wildervank,0.8,3.0,53.085,6.828,2014
2014-03-04,Wildervank,1.1,3.0,53.077,6.830,2014
2014-03-10,Zeerijp,0.9,3.0,53.351,6.768,2014
2014-03-11,Noordbroek,1.1,3.0,53.197,6.820,2014
2014-03-11,Schildwolde,2.3,3.0,53.228,6.822,2014
2014-03-12,Ekehaar,1.3,3.0,52.949,6.590,2014
2014-03-14,Appingedam,1.0,3.0,53.310,6.828,2014
2014-03-14,Groningen,0.8,3.0,53.211,6.652,2014
2014-03-15,Appingedam,1.9,3.0,53.306,6.873,2014
2014-03-18,Rottum,2.1,3.0,53.390,6.618,2014
2014-03-21,Slochteren,1.1,3.0,53.209,6.828,2014
2014-03-23,Sappemeer,1.6,3.0,53.166,6.798,2014
2014-03-27,Siddeburen,1.4,3.0,53.259,6.863,2014
2014-03-28,Waddenzee (nabij Uithuizermeeden),1.3,3.0,53.480,6.758,2014
2014-03-30,Farmsum,1.4,3.0,53.282,6.993,2014
2014-03-31,Lageland,0.7,3.0,53.238,6.672,2014
2014-04-02,Sappemeer,1.1,3.0,53.161,6.808,2014
2014-04-02,Sappemeer,1.2,3.0,53.163,6.802,2014
2014-04-03,Sappemeer,1.0,3.0,53.179,6.817,2014
2014-04-04,Garmerwolde,1.2,3.0,53.250,6.667,2014
2014-04-09,Tjuchem,1.1,3.0,53.264,6.903,2014
2014-04-17,Loppersum,1.3,3.0,53.327,6.723,2014
2014-04-20,Zeerijp,1.4,3.0,53.351,6.743,2014
2014-04-26,Schildwolde,1.3,3.0,53.237,6.813,2014
2014-04-27,Westerbroek,0.5,3.0,53.184,6.702,2014
2014-05-12,Woudbloem,1.3,3.0,53.212,6.732,2014
2014-05-13,Westerwijtwerd,1.4,3.0,53.333,6.640,2014
2014-05-17,Kolham,1.6,3.0,53.192,6.745,2014
2014-05-19,Meedhuizen,1.0,3.0,53.277,6.940,2014
2014-06-12,Froombosch,1.2,3.0,53.207,6.763,2014
2014-06-12,Kolham,0.8,3.0,53.191,6.752,2014
2014-06-16,Westeremden,1.8,3.0,53.349,6.710,2014
2014-06-29,Slochteren,0.7,3.0,53.213,6.822,2014
2014-07-02,Meedhuizen,1.3,3.0,53.275,6.917,2014
2014-07-02,Slochteren,2.1,3.0,53.214,6.790,2014
2014-07-06,Haren,0.9,3.0,53.185,6.618,2014
2014-07-07,Lageland,1.2,3.0,53.240,6.688,2014
2014-07-07,Overschild,1.0,3.0,53.269,6.752,2014
2014-07-08,Lageland,1.2,3.0,53.244,6.707,2014
2014-07-15,Slochteren,0.7,3.0,53.215,6.827,2014
2014-07-22,Siddeburen,0.9,3.0,53.249,6.862,2014
2014-08-09,Appingedam,1.3,3.0,53.323,6.835,2014
2014-08-09,Appingedam,2.0,3.0,53.325,6.835,2014
2014-08-19,Garsthuizen,1.2,3.0,53.376,6.725,2014
2014-08-21,Garsthuizen,1.2,3.0,53.373,6.727,2014
2014-08-25,Slochteren,0.8,3.0,53.230,6.782,2014
2014-09-01,Groningen,0.5,3.0,53.236,6.625,2014
2014-09-01,Froombosch,2.6,3.0,53.194,6.787,2014
2014-09-01,Slochteren,1.6,3.0,53.197,6.813,2014
2014-09-23,Lageland,1.4,3.0,53.240,6.720,2014
2014-09-23,Luddeweer,1.0,3.0,53.242,6.728,2014
2014-09-24,Westeremden,1.0,3.0,53.351,6.693,2014
2014-09-25,Meedhuizen,1.5,3.0,53.276,6.937,2014
2014-09-30,Garmerwolde,2.8,3.0,53.258,6.655,2014
2014-10-21,Zeerijp,1.5,3.0,53.358,6.747,2014
2014-11-05,Zandeweer,2.9,3.0,53.374,6.678,2014
2014-11-11,Amen,2.0,3.0,52.937,6.602,2014
2014-11-16,Siddeburen,0.9,3.0,53.228,6.863,2014
2014-11-16,Woudbloem,0.6,3.0,53.228,6.762,2014
2014-11-22,Westeremden,1.3,3.0,53.355,6.698,2014
2014-11-29,Appingedam,1.0,3.0,53.331,6.840,2014
2014-11-30,Middelstum,1.4,3.0,53.360,6.672,2014
2014-12-03,Noordbroek,0.9,3.0,53.190,6.832,2014
2014-12-05,Lageland,1.1,3.0,53.237,6.672,2014
2014-12-28,Zeerijp,1.3,3.0,53.350,6.753,2014
2014-12-30,Scharmer,2.8,3.0,53.208,6.728,2014
2014-12-30,Slochteren,0.8,3.0,53.239,6.753,2014
2015-01-06,Wirdum,2.7,3.0,53.324,6.768,2015
2015-01-06,Farmsum,1.0,3.0,53.322,6.937,2015
2015-01-11,Sappemeer,1.5,3.0,53.171,6.797,2015
2015-01-14,Hellum,1.1,3.0,53.257,6.848,2015
2015-01-18,Scharmer,1.5,3.0,53.233,6.720,2015
2015-01-22,Hellum,0.6,3.0,53.245,6.822,2015
2015-01-23,Sappemeer,1.2,3.0,53.175,6.797,2015
2015-01-26,Wirdum,1.1,3.0,53.319,6.800,2015
2015-01-27,Sappemeer,0.5,3.0,53.178,6.793,2015
2015-01-31,Sappemeer,0.8,3.0,53.172,6.792,2015
2015-01-31,Eems-Dollard (nabij Holwierde),1.6,3.0,53.371,6.942,2015
2015-02-02,Overschild,0.9,3.0,53.268,6.743,2015
2015-02-03,Wildervank,1.6,3.0,53.067,6.863,2015
2015-02-04,Oosterwijtwerd,1.1,3.0,53.328,6.832,2015
2015-02-05,Noordzee,1.8,3.0,52.894,4.248,2015
2015-02-10,Loppersum,0.9,3.0,53.349,6.728,2015
2015-02-11,Godlinze,0.4,3.0,53.374,6.808,2015
2015-02-12,Hoogezand,1.9,3.0,53.143,6.752,2015
2015-02-13,Overschild,0.8,3.0,53.281,6.830,2015
2015-02-22,Siddeburen,0.8,3.0,53.264,6.855,2015
2015-02-22,Sappemeer,0.6,3.0,53.183,6.805,2015
2015-02-22,Meedhuizen,1.4,3.0,53.291,6.940,2015
2015-02-24,Schildwolde,0.8,3.0,53.237,6.820,2015
2015-02-25,Appingedam,2.3,3.0,53.323,6.857,2015
2015-03-01,Overschild,1.2,3.0,53.272,6.810,2015
2015-03-01,Houwerzijl,1.4,3.0,53.334,6.343,2015
2015-03-01,Kommerzijl,1.5,3.0,53.288,6.330,2015
2015-03-14,Onnen,0.7,3.0,53.166,6.667,2015
2015-03-16,Overschild,0.6,3.0,53.279,6.790,2015
2015-03-24,Scharmer,1.1,3.0,53.234,6.718,2015
2015-03-24,Appingedam,2.3,3.0,53.322,6.855,2015
2015-03-25,Uithuizermeeden,1.2,3.0,53.433,6.743,2015
2015-04-05,Emmen,1.9,3.0,52.759,6.903,2015
2015-04-06,Farmsum,1.3,3.0,53.291,6.975,2015
2015-04-06,Harkstede,0.7,3.0,53.216,6.662,2015
2015-04-15,Appingedam,0.9,3.0,53.306,6.885,2015
2015-04-15,Siddeburen,0.8,3.0,53.231,6.872,2015
2015-04-22,Slochteren,0.8,3.0,53.221,6.803,2015
2015-05-03,Meedhuizen,1.1,3.0,53.276,6.922,2015
2015-05-07,Froombosch,1.1,3.0,53.193,6.792,2015
2015-05-07,Zeerijp,1.0,3.0,53.347,6.743,2015
2015-05-08,Onnen,1.1,3.0,53.167,6.647,2015
2015-05-13,Siddeburen,1.2,3.0,53.262,6.900,2015
2015-05-16,Appingedam,1.6,3.0,53.306,6.847,2015
2015-05-21,Schildwolde,1.8,3.0,53.244,6.810,2015
2015-05-27,Uithuizen,2.0,3.0,53.404,6.668,2015
2015-06-02,Appingedam,0.7,3.0,53.313,6.834,2015
2015-06-04,Zuidbroek,1.0,3.0,53.168,6.856,2015
2015-06-06,Zeerijp,1.9,3.0,53.340,6.750,2015
2015-06-07,Garrelsweer,0.5,3.0,53.319,6.757,2015
2015-06-10,Zeerijp,1.8,3.0,53.344,6.753,2015
2015-06-10,Westeremden,0.4,3.0,53.343,6.713,2015
2015-06-10,Westeremden,0.8,3.0,53.345,6.713,2015
2015-06-10,Eppenhuizen,0.8,3.0,53.372,6.677,2015
2015-06-23,Anna Paulowna,1.5,3.0,52.858,4.821,2015
2015-06-23,Anna Paulowna,2.3,3.0,52.853,4.807,2015
2015-06-26,Scharmer,0.0,3.0,53.226,6.721,2015
2015-06-29,Woudbloem,0.6,3.0,53.227,6.733,2015
2015-06-30,Ten Boer,0.5,3.0,53.276,6.685,2015
2015-07-02,Scharmer,0.5,3.0,53.209,6.720,2015
2015-07-04,Sappemeer,0.5,3.0,53.151,6.802,2015
2015-07-04,Zuidwolde,0.6,3.0,53.261,6.617,2015
2015-07-04,Westeremden,1.1,3.0,53.351,6.694,2015
2015-07-06,Noordbroek,0.5,3.0,53.183,6.831,2015
2015-07-07,Zuidwolde,2.1,3.0,53.262,6.631,2015
2015-07-08,Appingedam,0.4,3.0,53.300,6.835,2015
2015-07-10,Zuidbroek,0.5,3.0,53.173,6.866,2015
2015-07-16,Overschild,0.8,3.0,53.295,6.817,2015
2015-07-16,Westeremden,0.4,3.0,53.341,6.715,2015
2015-07-18,Siddeburen,0.7,3.0,53.268,6.865,2015
2015-07-18,Kolham,0.5,3.0,53.193,6.761,2015
2015-07-19,Appingedam,0.6,3.0,53.323,6.851,2015
2015-07-20,Thesinge,0.4,3.0,53.281,6.660,2015
2015-07-21,Oosterwijtwerd,1.3,3.0,53.332,6.803,2015
2015-07-21,Garmerwolde,0.6,3.0,53.242,6.656,2015
2015-07-24,Noordzee,2.5,3.0,53.674,4.497,2015
2015-07-30,Froombosch,0.7,3.0,53.184,6.772,2015
2015-08-02,Thesinge,0.6,3.0,53.277,6.637,2015
2015-08-07,Loppersum,0.8,3.0,53.339,6.759,2015
2015-08-11,Scharmer,0.9,3.0,53.205,6.729,2015
2015-08-12,Oosterwijtwerd,0.3,3.0,53.329,6.812,2015
2015-08-13,Oosterwijtwerd,0.6,3.0,53.333,6.818,2015
2015-08-17,Zeerijp,0.6,3.0,53.350,6.761,2015
2015-08-18,Kolham,2.0,3.0,53.185,6.754,2015
2015-08-22,Woudbloem,1.4,3.0,53.231,6.745,2015
2015-08-22,Usquert,1.6,3.0,53.395,6.602,2015
2015-08-23,Sappemeer,0.3,3.0,53.176,6.807,2015
2015-08-24,Wirdum,0.5,3.0,53.324,6.787,2015
2015-08-26,Schildwolde,0.4,3.0,53.218,6.838,2015
2015-08-27,Woudbloem,0.2,3.0,53.231,6.741,2015
2015-08-28,Meedhuizen,0.8,3.0,53.294,6.942,2015
2015-08-28,Slochteren,1.3,3.0,53.211,6.826,2015
2015-08-28,Usquert,1.3,3.0,53.392,6.584,2015
2015-09-05,Foxhol,0.5,3.0,53.169,6.727,2015
2015-09-09,Harkstede,1.2,3.0,53.219,6.701,2015
2015-09-10,Startenhuizen Lopp,0.8,3.0,53.372,6.713,2015
2015-09-30,Hellum,3.1,3.0,53.234,6.834,2015
2015-09-30,Emmen,2.3,3.0,52.778,6.880,2015
2015-10-09,Appingedam,0.3,3.0,53.296,6.835,2015
2015-10-10,Wagenborgen,0.2,3.0,53.266,6.926,2015
2015-10-10,Schildwolde,0.2,3.0,53.258,6.800,2015
2015-10-11,Zuidbroek,0.3,3.0,53.170,6.853,2015
2015-10-22,Zuidwolde,0.5,3.0,53.262,6.582,2015
2015-10-24,Noordbroek,0.7,3.0,53.217,6.881,2015
2015-10-27,Garrelsweer,1.2,3.0,53.318,6.750,2015
2015-10-29,Farmsum,0.8,3.0,53.279,6.958,2015
2015-10-29,Farmsum,1.1,3.0,53.284,6.966,2015
2015-10-30,Garrelsweer,1.7,3.0,53.294,6.776,2015
2015-10-30,Meedhuizen,2.3,3.0,53.285,6.920,2015
2015-10-30,Meedhuizen,0.9,3.0,53.290,6.925,2015
2015-11-09,Nieuwolda,0.7,3.0,53.249,6.952,2015
2015-11-10,Schildwolde,0.6,3.0,53.235,6.797,2015
2015-11-12,Harkstede,0.6,3.0,53.207,6.705,2015
2015-11-15,Zeerijp,0.9,3.0,53.357,6.743,2015
2015-11-28,Emmen,1.2,3.0,52.766,6.924,2015
2015-12-02,Hellum,1.6,3.0,53.240,6.831,2015
2015-12-03,Garmerwolde,0.5,3.0,53.250,6.641,2015
2015-12-08,Huizinge,0.8,3.0,53.336,6.670,2015
2015-12-13,Kantens,0.4,3.0,53.370,6.653,2015
2015-12-14,Emmen,1.4,3.0,52.763,6.919,2015
2015-12-15,Delfzijl,1.6,3.0,53.332,6.892,2015
2015-12-15,Bedum,1.7,3.0,53.276,6.604,2015
2015-12-25,Loppersum,1.3,3.0,53.315,6.735,2015
2016-01-02,Sint Annen,0.5,3.0,53.300,6.680,2016
2016-01-07,Sappemeer,1.6,3.0,53.168,6.814,2016
2016-01-11,Sappemeer,0.6,3.0,53.185,6.813,2016
2016-01-13,Hellum,1.3,3.0,53.248,6.855,2016
2016-01-17,Hellum,1.5,3.0,53.258,6.840,2016
2016-01-19,t Zandt,0.6,3.0,53.362,6.770,2016
2016-01-20,Lageland,0.6,3.0,53.242,6.714,2016
2016-01-26,Scharmer,1.5,3.0,53.203,6.720,2016
2016-02-05,Harkstede,0.4,3.0,53.228,6.666,2016
2016-02-17,Nieuwolda,0.9,3.0,53.244,6.953,2016
2016-02-18,Winneweer,0.4,3.0,53.311,6.738,2016
2016-02-18,Winneweer,0.7,3.0,53.310,6.738,2016
2016-02-19,Garrelsweer,0.1,3.0,53.317,6.746,2016
2016-02-19,Zuidwolde,1.3,3.0,53.260,6.617,2016
2016-02-20,Toornwerd,0.7,3.0,53.355,6.627,2016
2016-02-21,Zeerijp,0.2,3.0,53.358,6.739,2016
2016-02-25,Froombosch,2.4,3.0,53.184,6.781,2016
2016-02-29,Froombosch,0.3,3.0,53.182,6.778,2016
2016-03-01,Loppersum,0.3,3.0,53.328,6.714,2016
2016-03-03,Froombosch,0.2,3.0,53.191,6.772,2016
2016-03-04,Eppenhuizen,0.9,3.0,53.372,6.685,2016
2016-03-07,Steendam,1.2,3.0,53.268,6.826,2016
2016-03-09,Schildwolde,0.4,3.0,53.212,6.839,2016
2016-03-11,Noordbroek,0.9,3.0,53.198,6.833,2016
2016-03-16,Overschild,0.5,3.0,53.264,6.792,2016
2016-03-20,Hellum,0.5,3.0,53.254,6.852,2016
2016-03-24,Tjuchem,0.6,3.0,53.290,6.879,2016
2016-03-25,Muntendam,1.8,3.0,53.151,6.901,2016
2016-03-25,Garmerwolde,0.7,3.0,53.244,6.645,2016
2016-03-31,Zuidwolde,0.7,3.0,53.268,6.624,2016
2016-04-02,Garmerwolde,1.1,3.0,53.249,6.657,2016
2016-04-04,Westerwijtwerd,0.5,3.0,53.315,6.656,2016
2016-04-09,Westerbroek,0.5,3.0,53.199,6.665,2016
2016-04-09,Garrelsweer,0.3,3.0,53.295,6.775,2016
2016-04-13,Farmsum,0.7,3.0,53.272,6.958,2016
2016-04-24,Tjuchem,0.4,3.0,53.290,6.851,2016
2016-04-24,Schildwolde,1.1,3.0,53.231,6.825,2016
2016-05-01,Uithuizermeeden,0.4,3.0,53.405,6.707,2016
2016-05-06,Westeremden,0.7,3.0,53.342,6.694,2016
2016-05-11,Bedum,0.4,3.0,53.295,6.564,2016
2016-05-15,Woldendorp,1.0,3.0,53.268,6.989,2016
2016-05-16,Meedhuizen,1.1,3.0,53.291,6.916,2016
2016-05-16,Meedhuizen,0.4,3.0,53.285,6.905,2016
2016-05-28,Groningen,1.2,3.0,53.237,6.635,2016
2016-05-29,Overschild,1.1,3.0,53.286,6.835,2016
2016-06-01,Zeerijp,1.2,3.0,53.361,6.750,2016
2016-06-02,Wagenborgen,1.5,3.0,53.249,6.924,2016
2016-06-16,Harkstede,0.3,3.0,53.226,6.681,2016
2016-06-16,Hellum,0.5,3.0,53.231,6.833,2016
2016-06-16,Siddeburen,0.2,3.0,53.249,6.863,2016
2016-06-18,Leermens,0.1,3.0,53.345,6.799,2016
2016-06-18,Kolham,1.2,3.0,53.184,6.766,2016
2016-06-22,Oosterwijtwerd,0.7,3.0,53.344,6.811,2016
2016-06-29,Wagenborgen,0.4,3.0,53.267,6.977,2016
2016-07-06,Westerwijtwerd,0.3,3.0,53.337,6.660,2016
2016-07-09,Hoogezand,1.1,3.0,53.135,6.787,2016
2016-07-17,Zuidbroek,0.5,3.0,53.182,6.887,2016
2016-07-18,Eppenhuizen,1.7,3.0,53.378,6.709,2016
2016-07-22,Tjuchem,0.3,3.0,53.280,6.855,2016
2016-07-23,Noordbroek,0.1,3.0,53.219,6.898,2016
2016-07-26,Tjuchem,0.9,3.0,53.277,6.907,2016
2016-07-28,Tjuchem,0.2,3.0,53.281,6.860,2016
2016-07-28,Hellum,0.8,3.0,53.250,6.824,2016
2016-08-07,Kantens,1.3,3.0,53.374,6.644,2016
2016-08-08,Zuidbroek,0.4,3.0,53.170,6.892,2016
2016-08-10,Stedum,0.5,3.0,53.312,6.669,2016
2016-08-14,Oostwold Gem Oldambt,0.7,3.0,53.234,7.019,2016
2016-08-14,Harkstede,0.2,3.0,53.220,6.678,2016
2016-08-23,Oostwold Gem Oldambt,0.6,3.0,53.224,7.027,2016
2016-08-23,Oostwold Gem Oldambt,1.0,3.0,53.223,7.036,2016
2016-08-24,Meedhuizen,0.8,3.0,53.305,6.903,2016
2016-08-24,Garsthuizen,0.6,3.0,53.372,6.724,2016
2016-08-24,Eems-Dollard (nabij Delfzijl),1.1,3.0,53.354,6.950,2016
2016-08-28,Uithuizen,1.3,3.0,53.401,6.636,2016
2016-09-01,Scharmer,0.4,3.0,53.205,6.714,2016
2016-09-02,Schildwolde,2.1,3.0,53.218,6.844,2016
2016-09-09,Oosterwijtwerd,0.8,3.0,53.337,6.811,2016
2016-09-11,Ten Post,0.2,3.0,53.278,6.744,2016
2016-09-21,Wagenborgen,1.2,3.0,53.254,6.945,2016
2016-09-27,Groningen,0.9,3.0,53.244,6.616,2016
2016-10-02,Wirdum,0.3,3.0,53.328,6.779,2016
2016-10-04,Garrelsweer,0.5,3.0,53.293,6.784,2016
2016-10-06,Schildwolde,0.4,3.0,53.239,6.813,2016
2016-10-07,Eems-Dollard (nabij Bierum),0.9,3.0,53.403,6.961,2016
2016-10-12,Ten Post,0.5,3.0,53.305,6.725,2016
2016-10-24,Tjuchem,0.6,3.0,53.289,6.862,2016
2016-10-29,Steendam,0.6,3.0,53.288,6.846,2016
2016-10-30,Kollum,1.5,3.0,53.308,6.152,2016
2016-11-01,Wirdum,1.9,3.0,53.301,6.807,2016
2016-11-01,Wirdum,2.2,3.0,53.306,6.809,2016
2016-11-05,Wagenborgen,0.8,3.0,53.266,6.940,2016
2016-11-08,Eenum,1.4,3.0,53.331,6.795,2016
2016-11-08,Eenum,0.9,3.0,53.329,6.794,2016
2016-11-10,Siddeburen,0.7,3.0,53.239,6.874,2016
2016-11-20,Ten Post,1.0,3.0,53.299,6.744,2016
2016-11-20,Wirdum,1.2,3.0,53.300,6.802,2016
2016-11-20,Appingedam,1.6,3.0,53.336,6.838,2016
2016-11-22,Woldendorp,0.6,3.0,53.274,7.011,2016
2016-11-22,Bedum,0.7,3.0,53.299,6.577,2016
2016-11-25,Garmerwolde,0.3,3.0,53.246,6.644,2016
2016-11-26,Leermens,0.6,3.0,53.343,6.805,2016
2016-11-26,Siddeburen,1.0,3.0,53.261,6.909,2016
2016-11-27,Krewerd,0.9,3.0,53.355,6.849,2016
2016-12-02,Appingedam,0.8,3.0,53.317,6.869,2016
2016-12-05,Wagenborgen,0.4,3.0,53.257,6.913,2016
2016-12-05,Appingedam,0.1,3.0,53.339,6.838,2016
2016-12-07,Loppersum,1.8,3.0,53.333,6.774,2016
2016-12-11,Nieuwolda,0.2,3.0,53.235,6.935,2016
2016-12-12,Woldendorp,0.6,3.0,53.264,6.977,2016
2016-12-15,Leermens,0.6,3.0,53.343,6.807,2016
2016-12-15,Eems-Dollard (nabij Holwierde),1.6,3.0,53.378,6.934,2016
2016-12-16,Nieuwolda,0.6,3.0,53.254,6.984,2016
2016-12-17,Groningen,0.6,3.0,53.211,6.652,2016
2016-12-20,Harkstede,1.1,3.0,53.215,6.696,2016
2016-12-22,Holwierde,0.5,3.0,53.345,6.867,2016
2016-12-23,Zuidlaren,2.4,3.0,53.083,6.712,2016
2016-12-30,Wirdum,1.0,3.0,53.301,6.802,2016
2016-12-30,Overschild,0.6,3.0,53.292,6.810,2016
2017-01-03,Meedhuizen,0.9,3.0,53.277,6.946,2017
2017-01-14,Schildwolde,0.6,3.0,53.214,6.840,2017
2017-01-17,Hellum,0.7,3.0,53.248,6.839,2017
2017-01-19,Wirdum,0.9,3.0,53.327,6.774,2017
2017-01-20,Siddeburen,0.6,3.0,53.254,6.874,2017
2017-01-22,Sappemeer,0.5,3.0,53.180,6.781,2017
2017-01-27,Zuidbroek,0.7,3.0,53.156,6.851,2017
2017-01-27,Garrelsweer,0.1,3.0,53.302,6.776,2017
2017-02-04,Garsthuizen,0.9,3.0,53.371,6.739,2017
2017-02-04,Kantens,0.8,3.0,53.368,6.657,2017
2017-02-04,Garsthuizen,0.6,3.0,53.371,6.736,2017
2017-02-05,Kantens,1.3,3.0,53.374,6.650,2017
2017-02-06,Sappemeer,0.9,3.0,53.143,6.810,2017
2017-02-12,Startenhuizen,1.3,3.0,53.381,6.713,2017
2017-02-14,Zandeweer,0.9,3.0,53.378,6.672,2017
2017-02-14,Garsthuizen,0.8,3.0,53.371,6.718,2017
2017-02-15,Startenhuizen,1.6,3.0,53.377,6.714,2017
2017-02-19,Zijldijk,1.4,3.0,53.393,6.758,2017
2017-02-19,Harkstede,0.5,3.0,53.223,6.672,2017
2017-02-21,Garrelsweer,0.4,3.0,53.304,6.754,2017
2017-02-25,Loppersum,1.3,3.0,53.325,6.735,2017
2017-02-26,Zandeweer,1.2,3.0,53.386,6.675,2017
2017-02-26,Wirdum,1.4,3.0,53.328,6.778,2017
2017-02-28,Wirdum,0.9,3.0,53.320,6.782,2017
2017-03-03,Appingedam,0.5,3.0,53.306,6.869,2017
2017-03-06,Onderdendam,1.6,3.0,53.327,6.571,2017
2017-03-11,Zeerijp,2.1,3.0,53.350,6.761,2017
2017-03-12,Wagenborgen,0.6,3.0,53.251,6.938,2017
2017-03-14,Delfzijl,1.3,3.0,53.319,6.886,2017
2017-03-15,Zuidbroek,0.6,3.0,53.169,6.888,2017
2017-04-04,Woldendorp,1.8,3.0,53.271,6.991,2017
2017-04-04,Garrelsweer,0.1,3.0,53.290,6.791,2017
2017-04-07,Westerbroek,0.5,3.0,53.169,6.682,2017
2017-04-09,Meedhuizen,0.6,3.0,53.281,6.908,2017
2017-04-10,Steendam,1.3,3.0,53.270,6.838,2017
2017-04-10,Froombosch,0.6,3.0,53.209,6.762,2017
2017-04-10,Woldendorp,1.1,3.0,53.269,6.989,2017
2017-04-13,Uithuizermeeden,1.4,3.0,53.429,6.750,2017
2017-04-19,Loppersum,0.5,3.0,53.319,6.724,2017
2017-04-26,Scharmer,2.0,3.0,53.210,6.713,2017
2017-05-03,Stedum,1.5,3.0,53.312,6.727,2017
2017-05-09,Emmen,1.6,3.0,52.767,6.909,2017
2017-05-12,Stedum,0.1,3.0,53.310,6.723,2017
2017-05-12,Stedum,0.3,3.0,53.313,6.725,2017
2017-05-14,Rottum,1.4,3.0,53.388,6.643,2017
2017-05-15,Zuidwolde,1.2,3.0,53.265,6.598,2017
2017-05-16,Overschild,1.7,3.0,53.285,6.805,2017
2017-05-17,Appingedam,0.9,3.0,53.304,6.835,2017
2017-05-20,Meedhuizen,1.1,3.0,53.295,6.909,2017
2017-05-20,Meedhuizen,0.4,3.0,53.296,6.904,2017
2017-05-25,Froombosch,0.4,3.0,53.211,6.754,2017
2017-05-27,Slochteren,2.6,3.0,53.211,6.834,2017
2017-05-30,Uithuizermeeden,1.4,3.0,53.433,6.750,2017
2017-06-01,Kropswolde,0.7,3.0,53.134,6.742,2017
2017-06-06,Siddeburen,1.0,3.0,53.269,6.863,2017
2017-06-06,Ten Post,0.7,3.0,53.300,6.740,2017
2017-06-07,Harkstede,1.2,3.0,53.232,6.670,2017
2017-06-19,Meedhuizen,1.0,3.0,53.281,6.940,2017
2017-06-29,Stedum,0.7,3.0,53.316,6.724,2017
2017-06-29,Meeden,0.3,3.0,53.148,6.938,2017
2017-06-30,Woudbloem,0.4,3.0,53.220,6.746,2017
2017-07-03,Siddeburen,0.8,3.0,53.261,6.851,2017
2017-07-05,Bedum,1.0,3.0,53.276,6.612,2017
2017-07-07,Slochteren,0.7,3.0,53.210,6.830,2017
2017-07-10,Loppersum,0.7,3.0,53.332,6.741,2017
2017-07-14,Borgsweer,0.6,3.0,53.282,6.994,2017
2017-07-14,Schildwolde,0.6,3.0,53.221,6.841,2017
2017-07-16,Bedum,1.3,3.0,53.278,6.611,2017
2017-07-21,Kantens,1.1,3.0,53.381,6.659,2017
2017-07-22,Noordbroek,0.4,3.0,53.196,6.827,2017
2017-07-25,Loppersum,1.0,3.0,53.352,6.737,2017
2017-07-25,Westeremden,0.4,3.0,53.339,6.687,2017
2017-08-07,Garrelsweer,0.5,3.0,53.317,6.744,2017
2017-08-10,Ten Post,0.9,3.0,53.298,6.733,2017
2017-08-13,Zeerijp,0.5,3.0,53.358,6.743,2017
2017-08-14,Garsthuizen,1.2,3.0,53.367,6.742,2017
2017-08-14,Zeerijp,0.3,3.0,53.360,6.742,2017
2017-08-16,Stedum,0.3,3.0,53.307,6.673,2017
2017-08-17,Uithuizermeeden,0.8,3.0,53.423,6.748,2017
2017-08-22,Meedhuizen,0.3,3.0,53.271,6.950,2017
2017-08-24,Farmsum,1.0,3.0,53.289,6.971,2017
2017-08-29,Appingedam,1.8,3.0,53.322,6.822,2017
2017-08-30,Scharmer,1.5,3.0,53.193,6.708,2017
2017-08-31,Sappemeer,0.2,3.0,53.179,6.813,2017
2017-09-01,Zandeweer,1.1,3.0,53.376,6.667,2017
2017-09-05,Appingedam,1.3,3.0,53.340,6.865,2017
2017-09-05,Appingedam,1.2,3.0,53.341,6.863,2017
2017-09-05,Tjuchem,1.9,3.0,53.281,6.876,2017
2017-09-11,Appingedam,0.9,3.0,53.320,6.824,2017
2017-09-14,Zeerijp,0.5,3.0,53.344,6.741,2017
2017-09-20,Haren,1.4,3.0,53.166,6.618,2017
2017-09-20,Appingedam,1.6,3.0,53.298,6.834,2017
2017-09-23,Wagenborgen,0.9,3.0,53.244,6.912,2017
2017-09-24,Garmerwolde,0.9,3.0,53.255,6.651,2017
2017-09-27,Tjuchem,0.6,3.0,53.297,6.880,2017
2017-09-27,Garrelsweer,1.2,3.0,53.300,6.761,2017
2017-09-30,Lageland,1.1,3.0,53.241,6.727,2017
2017-10-11,Vries,0.7,3.0,53.070,6.586,2017
2017-10-15,Kantens,1.0,3.0,53.379,6.661,2017
2017-10-16,Zuidwolde,0.5,3.0,53.268,6.623,2017
2017-10-17,Meedhuizen,0.8,3.0,53.305,6.949,2017
2017-10-29,Groningen,1.0,3.0,53.234,6.538,2017
2017-10-29,Eems-Dollard (nabij Holwierde),1.2,3.0,53.381,6.923,2017
2017-11-03,Sappemeer,0.8,3.0,53.177,6.821,2017
2017-11-04,Appingedam,0.6,3.0,53.328,6.873,2017
2017-11-15,Westerwijtwerd,0.8,3.0,53.328,6.644,2017
2017-11-16,Wagenborgen,0.7,3.0,53.269,6.937,2017
2017-11-19,Emmen,1.6,3.0,52.755,6.899,2017
2017-11-22,Overschild,1.5,3.0,53.285,6.807,2017
2017-11-25,Thesinge,0.5,3.0,53.268,6.669,2017
2017-11-25,Schoonebeek,1.2,3.0,52.681,6.876,2017
2017-11-28,Uithuizermeeden,0.9,3.0,53.406,6.709,2017
2017-11-30,Meedhuizen,0.8,3.0,53.312,6.892,2017
2017-12-01,Zeerijp,1.7,3.0,53.360,6.736,2017
2017-12-01,Zeerijp,1.3,3.0,53.357,6.757,2017
2017-12-02,Appingedam,1.7,3.0,53.306,6.881,2017
2017-12-02,Appingedam,0.4,3.0,53.308,6.879,2017
2017-12-06,Oostwold Gem Oldambt,0.7,3.0,53.228,7.022,2017
2017-12-06,t Zandt,1.8,3.0,53.386,6.784,2017
2017-12-10,t Zandt,2.1,3.0,53.370,6.765,2017
2017-12-15,Wirdum,0.8,3.0,53.312,6.791,2017
2017-12-21,Oostwold Gem Oldambt,1.0,3.0,53.224,7.021,2017
2017-12-22,Zeerijp,1.7,3.0,53.366,6.752,2017
2017-12-22,Zeerijp,0.4,3.0,53.357,6.750,2017
2017-12-24,Appingedam,0.7,3.0,53.305,6.833,2017
2017-12-25,Tjuchem,0.7,3.0,53.287,6.883,2017
2017-12-28,Tjuchem,1.3,3.0,53.287,6.882,2017
2017-12-29,Zeerijp,1.4,3.0,53.357,6.756,2017
2018-01-01,Tjuchem,0.8,3.0,53.287,6.884,2018
2018-01-08,Zeerijp,3.4,3.0,53.363,6.751,2018
2018-01-09,Zeerijp,0.7,3.0,53.355,6.752,2018
2018-01-17,Groningen,1.0,3.0,53.221,6.597,2018
2018-01-20,Groningen,0.9,3.0,53.220,6.599,2018
2018-01-22,Harkstede,0.9,3.0,53.228,6.691,2018
2018-01-22,Siddeburen,0.5,3.0,53.248,6.890,2018
2018-01-31,Siddeburen,1.6,3.0,53.259,6.871,2018
2018-02-05,Loppersum,0.4,3.0,53.336,6.762,2018
2018-02-07,Garrelsweer,0.2,3.0,53.295,6.764,2018
2018-02-08,Loppersum,2.0,3.0,53.335,6.751,2018
2018-02-10,Scharmer,1.7,3.0,53.228,6.710,2018
2018-02-11,Garrelsweer,2.2,3.0,53.293,6.780,2018
2018-02-12,Garsthuizen,0.9,3.0,53.371,6.714,2018
2018-02-17,Uithuizermeeden,1.0,3.0,53.427,6.747,2018
2018-02-18,Loppersum,1.0,3.0,53.335,6.763,2018
2018-02-18,Wagenborgen,0.5,3.0,53.241,6.933,2018
2018-02-20,Noordbroek,0.4,3.0,53.184,6.827,2018
2018-03-01,Garrelsweer,1.3,3.0,53.287,6.775,2018
2018-03-01,Loppersum,0.9,3.0,53.326,6.760,2018
2018-03-08,Veendam,0.7,3.0,53.122,6.943,2018
2018-03-09,Het Waar,0.5,3.0,53.223,6.949,2018
2018-03-10,Appingedam,1.3,3.0,53.314,6.861,2018
2018-03-25,Garrelsweer,1.6,3.0,53.288,6.778,2018
2018-03-25,Garrelsweer,0.1,3.0,53.321,6.759,2018
2018-03-25,Uithuizen,1.5,3.0,53.404,6.660,2018
2018-03-27,Schildwolde,0.7,3.0,53.263,6.800,2018
2018-03-31,Harkstede,1.2,3.0,53.231,6.676,2018
2018-04-01,Zeerijp,0.6,3.0,53.350,6.741,2018
2018-04-04,Loppersum,0.9,3.0,53.334,6.750,2018
2018-04-07,Lauwerzijl,1.7,3.0,53.312,6.305,2018
2018-04-07,Kommerzijl,1.0,3.0,53.300,6.325,2018
2018-04-08,Uithuizen,0.5,3.0,53.408,6.687,2018
2018-04-10,Eems-Dollard (nabij Holwierde),0.9,3.0,53.370,6.946,2018
2018-04-13,Garsthuizen,2.8,3.0,53.371,6.750,2018
2018-04-16,Scharmer,0.6,3.0,53.205,6.708,2018
2018-04-18,Appingedam,0.1,3.0,53.309,6.862,2018
2018-04-19,Tjuchem,0.5,3.0,53.271,6.868,2018
2018-05-06,Garrelsweer,1.6,3.0,53.286,6.778,2018
2018-05-12,Zeerijp,0.7,3.0,53.355,6.764,2018
2018-05-16,Meedhuizen,0.7,3.0,53.276,6.933,2018
2018-05-19,Siddeburen,0.8,3.0,53.250,6.899,2018
2018-05-21,t Zandt,1.6,3.0,53.374,6.795,2018
2018-06-04,Warder,2.5,3.0,52.564,5.011,2018
2018-06-05,Onderdendam,0.5,3.0,53.334,6.572,2018
2018-06-06,Garmerwolde,0.7,3.0,53.237,6.643,2018
2018-06-14,Tjuchem,0.7,3.0,53.288,6.877,2018
2018-06-21,Harkstede,0.6,3.0,53.224,6.699,2018
2018-06-27,Scharmer,1.6,3.0,53.204,6.709,2018
2018-07-07,Noordbroek,1.0,3.0,53.186,6.895,2018
2018-07-07,Noordbroek,0.6,3.0,53.187,6.897,2018
2018-07-11,Siddeburen,1.1,3.0,53.263,6.850,2018
2018-07-11,Lageland,0.2,3.0,53.239,6.684,2018
2018-07-13,Sappemeer,1.1,3.0,53.151,6.803,2018
2018-07-14,Zeerijp,0.3,3.0,53.361,6.744,2018
2018-07-17,Dalen,2.0,3.0,52.711,6.727,2018
2018-07-19,Scharmer,0.5,3.0,53.207,6.713,2018
2018-07-26,Eelde,0.7,3.0,53.135,6.597,2018
2018-07-28,Ten Post,0.9,3.0,53.304,6.730,2018
2018-07-29,Veendam,0.8,3.0,53.093,6.849,2018
2018-07-29,t Zandt,0.9,3.0,53.373,6.793,2018
2018-08-05,Hellum,0.3,3.0,53.261,6.812,2018
2018-08-06,Overschild,0.5,3.0,53.275,6.783,2018
2018-08-06,Scharmer,0.9,3.0,53.208,6.712,2018
2018-08-08,Appingedam,1.9,3.0,53.322,6.875,2018
2018-08-09,Appingedam,1.8,3.0,53.324,6.877,2018
2018-08-13,Slochteren,0.7,3.0,53.207,6.838,2018
2018-08-22,t Zandt,0.5,3.0,53.378,6.754,2018
2018-09-14,Hellum,0.8,3.0,53.233,6.846,2018
2018-09-15,Sappemeer,0.5,3.0,53.181,6.799,2018
2018-09-16,Samtgemeinde Emlichheim (Duitsland),1.1,3.0,52.639,6.881,2018
2018-09-17,Sappemeer,1.2,3.0,53.181,6.799,2018
2018-09-17,Startenhuizen,0.6,3.0,53.381,6.713,2018
2018-09-18,Bedum,0.7,3.0,53.297,6.566,2018
2018-09-20,Hoogezand,0.5,3.0,53.161,6.758,2018
2018-09-26,Schildwolde,0.8,3.0,53.236,6.824,2018
2018-10-10,Loppersum,0.5,3.0,53.347,6.734,2018
2018-10-10,Loppersum,0.5,3.0,53.347,6.732,2018
2018-10-14,Garrelsweer,0.6,3.0,53.295,6.798,2018
2018-10-16,Siddeburen,1.1,3.0,53.252,6.858,2018
2018-10-20,Appingedam,0.8,3.0,53.323,6.875,2018
2018-10-23,Appingedam,0.8,3.0,53.298,6.834,2018
2018-10-29,Zandeweer,0.8,3.0,53.386,6.672,2018
2018-11-07,Schildwolde,0.8,3.0,53.217,6.838,2018
2018-11-09,Eppenhuizen,1.6,3.0,53.367,6.680,2018
2018-11-16,Hellum,0.8,3.0,53.250,6.857,2018
2018-11-16,Borgercompagnie,1.2,3.0,53.090,6.834,2018
2018-11-25,Kantens,0.6,3.0,53.375,6.659,2018
2018-11-25,Eppenhuizen,1.6,3.0,53.385,6.716,2018
2018-11-29,Kantens,0.9,3.0,53.358,6.623,2018
2018-12-02,Overschild,0.9,3.0,53.250,6.763,2018
2018-12-05,Oosterwijtwerd,0.4,3.0,53.328,6.830,2018
2018-12-11,Bedum,0.6,3.0,53.277,6.617,2018
2018-12-17,Overschild,0.4,3.0,53.277,6.825,2018
2018-12-19,Bedum,1.0,3.0,53.296,6.568,2018
2018-12-22,Garrelsweer,1.2,3.0,53.285,6.776,2018
2018-12-23,Kantens,0.5,3.0,53.354,6.626,2018
2018-12-23,Lageland,1.3,3.0,53.239,6.730,2018
2019-01-07,Veendam,1.3,3.0,53.110,6.863,2019
2019-01-09,Veendam,1.0,1.0,53.088,6.925,2019
2019-01-19,Meeden,0.6,3.0,53.166,6.942,2019
2019-02-01,Luddeweer,1.0,3.0,53.242,6.727,2019
2019-02-07,Westeremden,0.7,3.0,53.350,6.714,2019
2019-02-09,t Zandt,0.9,3.0,53.380,6.754,2019
2019-02-10,Zandeweer,0.3,3.0,53.395,6.666,2019
2019-02-16,Zeerijp,1.4,3.0,53.360,6.743,2019
2019-02-19,Appingedam,1.6,3.0,53.291,6.839,2019
2019-02-22,Rottum,0.8,3.0,53.380,6.610,2019
2019-02-24,Loppersum,0.4,3.0,53.339,6.761,2019
2019-02-28,Toornwerd,1.6,3.0,53.357,6.628,2019
2019-03-02,Appingedam,0.4,3.0,53.319,6.853,2019
2019-03-04,Wagenborgen,0.8,3.0,53.257,6.913,2019
2019-03-11,t Zandt,0.4,3.0,53.367,6.765,2019
2019-03-17,Kantens,0.8,3.0,53.356,6.624,2019
2019-03-29,Kantens,1.5,3.0,53.369,6.654,2019
2019-03-30,Appingedam,0.5,3.0,53.322,6.876,2019
2019-04-07,Garrelsweer,0.9,3.0,53.320,6.753,2019
2019-04-09,Spijk,1.4,3.0,53.384,6.841,2019
2019-04-10,Zuidbroek,1.4,3.0,53.168,6.829,2019
2019-04-15,Noordwolde,1.6,3.0,53.277,6.596,2019
2019-04-16,Harkstede,0.9,3.0,53.228,6.673,2019
2019-04-21,Zeerijp,0.9,3.0,53.341,6.757,2019
2019-04-25,Ten Post,1.8,3.0,53.302,6.727,2019
2019-05-03,Loppersum,1.0,3.0,53.330,6.711,2019
2019-05-05,Loppersum,0.9,3.0,53.318,6.736,2019
2019-05-08,Uithuizermeeden,1.0,3.0,53.428,6.748,2019
2019-05-11,Kantens,0.5,3.0,53.356,6.623,2019
2019-05-11,Kantens,0.5,3.0,53.357,6.621,2019
2019-05-11,Appingedam,1.3,3.0,53.311,6.833,2019
2019-05-18,Meedhuizen,0.8,3.0,53.294,6.926,2019
2019-05-19,Loppersum,0.6,3.0,53.317,6.739,2019
2019-05-19,Wirdum,0.8,3.0,53.312,6.794,2019
2019-05-19,Wirdum,1.0,3.0,53.311,6.794,2019
2019-05-20,Groningen,0.5,3.0,53.229,6.663,2019
2019-05-22,Westerwijtwerd,3.4,3.0,53.328,6.652,2019
2019-05-23,Groningen,0.9,3.0,53.229,6.665,2019
2019-05-23,Groningen,1.1,3.0,53.229,6.666,2019
2019-05-24,Kantens,0.8,3.0,53.357,6.622,2019
2019-05-28,Zeerijp,1.1,3.0,53.351,6.738,2019
2019-06-02,Meedhuizen,0.6,3.0,53.285,6.937,2019
2019-06-09,Garrelsweer,2.5,3.0,53.320,6.767,2019
2019-06-09,Garrelsweer,0.9,3.0,53.321,6.765,2019
2019-06-13,Appingedam,1.9,3.0,53.304,6.833,2019
2019-06-14,Bedum,0.9,3.0,53.297,6.566,2019
